Sectioning,NGS,UNGS,NV,Sectioning.1,NGS.1,UNGS.1,NV.1,Sectioning.2,NGS.2,UNGS.2,NV.2,Sectioning.3,NGS.3,UNGS.3,NV.3,Sectioning.4,NGS.4,UNGS.4,NV.4,Sectioning.5,NGS.5,UNGS.5,NV.5,Sectioning.6,NGS.6,UNGS.6,NV.6,Sectioning.7,NGS.7,UNGS.7,NV.7,Sectioning,NGS,UNGS,NV
-6.856098768548351,-6.609391702696414,-6.609391702696414,-7.336818103973005,-6.603715962794438,-6.433290531830309,-6.804178844674352,-6.804178844674352,-7.210152853457568,-6.571316549747618,-7.18964723683704,-7.18964723683704,-6.13376673057016,-6.668194479275381,-6.668194479275381,-7.148706750137459,-5.100876863874804,-6.268957473510167,-6.268957473510167,-6.661209443414382,-5.9120575187284405,-6.877117092840205,-7.573893492854562,-7.703496816890286,-6.635218880945519,-6.107415784725692,-6.721031610227181,-7.156876706627741,-7.659497075568695,-6.519373349869502,-6.960408506989944,-6.960408506989944,-7.225524148436671,-7.022128668908956,-7.022128668908956,-7.022128668908956
-6.143031074031419,-6.666923220004772,-6.666923220004772,-7.380434495503506,-7.152470836981324,-6.298137000936233,-6.999878866129031,-6.999878866129031,-6.698351783513154,-6.270210705038752,-6.9246561839062615,-6.9246561839062615,-5.858784847428365,-5.946260938110054,-5.946260938110054,-6.488387274348273,-5.9701266049705,-6.741845378003376,-7.080571599061833,-7.340255244308148,-6.021818464465941,-6.857183179549596,-7.127402059631427,-7.290783078720636,-6.711279780237795,-6.015166806557319,-6.553425117698138,-6.553425117698138,-6.883946125463543,-7.462151681454925,-7.590218239813296,-7.590218239813296,-7.366492651125368,-7.161538576072706,-7.161538576072706,-7.161538576072706
-6.319392589255379,-6.841293130946037,-6.841293130946037,-6.841293130946037,-5.94477216226945,-6.344439053621786,-6.957054171727966,-6.957054171727966,-6.573434819885669,-5.867612325537577,-6.651753849826834,-6.651753849826834,-6.081327208881408,-6.596644973259835,-7.295531148879575,-7.295531148879575,-6.173653368177623,-7.152992707398964,-7.152992707398964,-7.152992707398964,-6.728719251021148,-6.250413220480521,-6.766255724115732,-7.48621440961035,-5.127298252488415,-6.548788832909748,-6.931904901692913,-7.408275181452575,-6.473472642790525,-6.531761415322784,-6.950098914338103,-6.950098914338103,-7.3612203793636946,-6.006376229098925,-7.718027678485251,-7.718027678485251
-4.987891170603209,-5.687538428607144,-6.777146834033114,-6.777146834033114,-6.380835170257581,-6.369840661620827,-6.369840661620827,-6.369840661620827,-6.380813187383534,-7.085671960836726,-7.085671960836726,-7.085671960836726,-7.131298821569512,-6.1746633766964925,-6.785371929223299,-6.785371929223299,-6.332119026125367,-6.42987677822078,-6.81592103763752,-6.81592103763752,-6.237075882137042,-7.365264563642762,-7.488800227527967,-7.569393240850325,-7.201810586818752,-6.61207581650485,-7.56385069438407,-7.597102375046394,-5.874317293920473,-6.283851400055557,-6.6693677918537775,-7.47168771007589,-6.669136029154198,-4.158073735147855,-6.300129053745856,-6.300129053745856
-5.531647870050061,-6.496122185222584,-6.496122185222584,-6.496122185222584,-5.83237995026572,-6.320348158917106,-6.320348158917106,-6.320348158917106,-7.101869843227559,-5.962234688677346,-7.106494937613128,-7.106494937613128,-6.00715942066147,-6.4255656124017,-6.904040211106262,-6.904040211106262,-6.349982389018463,-6.2285212966281485,-6.985578418203647,-7.194534699235695,-6.898038566424952,-6.381707925771307,-6.787101002937018,-7.102492570736281,-6.656132402175105,-6.150260926276376,-7.508015955643742,-7.508015955643742,-7.087931840461131,-7.086458131923601,-7.278935434836548,-7.608762136840752,-6.5939491852100875,-5.988364202933618,-7.049175129385286,-7.049175129385286
-6.732667222547072,-6.735885903460642,-6.735885903460642,-6.735885903460642,-6.442931383077951,-6.674274483930104,-6.674274483930104,-6.674274483930104,-6.781945012845362,-6.0162547621180265,-6.796174269499247,-6.796174269499247,-5.380033228288205,-6.554145683574085,-7.217176897674975,-7.217176897674975,-5.460311395777387,-6.872012367446494,-6.872012367446494,-7.207781974855418,-5.96387242932459,-6.814182706226939,-7.145337353569017,-7.145337353569017,-6.488504854350537,-6.75762672214651,-7.527685203699253,-7.644892184005597,-6.346036949875748,-5.844290777017174,-7.105426315590033,-7.105426315590033,-7.509032909625886,-7.334236955076571,-7.399349386620584,-7.399349386620584
-6.680404275810993,-6.50628150609151,-6.50628150609151,-6.50628150609151,-6.87962679399507,-6.128629870560728,-6.715265459375397,-6.715265459375397,-6.780192222496392,-7.156205697050787,-7.156205697050787,-7.4989483020931615,-6.024141973069963,-6.95397582007778,-7.342875520091931,-7.342875520091931,-6.388276546447095,-6.643171590286007,-7.498688226995322,-7.667374386505208,-6.451266355904012,-6.530932794510386,-7.551921983806165,-7.639418338522205,-6.504842517535263,-6.828875333352182,-6.828875333352182,-7.448404730373332,-6.794119594434732,-7.252624830300615,-7.5011256946956735,-7.5875251126461905,-7.496801683974086,-6.671711361020945,-7.1145626502977075,-7.1145626502977075
-5.6087668093915335,-6.502757859717523,-6.502757859717523,-6.502757859717523,-6.64772313010122,-6.402778919808786,-6.402778919808786,-7.00344402139843,-6.913035356128341,-6.742175633508867,-7.425622408854908,-7.425622408854908,-5.862023719007484,-6.313120514644812,-7.325596562448993,-7.358086223106527,-6.636665179033999,-6.473116309114153,-6.473116309114153,-6.8904256724375,-6.16471942123864,-6.653692978111025,-7.067302375584459,-7.57763229687981,-6.321216574709094,-6.533674922062644,-6.533674922062644,-6.533674922062644,-6.910612641315347,-6.548819500968151,-7.275877574773184,-7.275877574773184,-7.36209017750878,-7.118102772883237,-7.575857523494676,-7.575857523494676
-5.705596732809284,-6.62406591391974,-6.62406591391974,-6.62406591391974,-6.773805988362577,-6.77558431901967,-7.43202464712671,-7.43202464712671,-6.140175343469198,-6.343206243738313,-7.050536017660059,-7.050536017660059,-6.031540162112446,-5.9533836801619975,-7.0459707035258194,-7.330122051717186,-5.903814424862598,-6.669431047023375,-7.094936063738152,-7.094936063738152,-6.21226479198698,-6.60162027639755,-6.893792592687042,-6.893792592687042,-5.702192605394176,-6.219551678364452,-6.56519699945858,-7.094401223694092,-7.054919013610956,-7.295206967667621,-7.295206967667621,-7.798141381892405,-7.66437685511346,-7.035080889771745,-7.579330348004788,-7.579330348004788
-5.792241757063353,-6.45499868938333,-6.45499868938333,-6.45499868938333,-6.221318596824395,-6.576177764507514,-6.576177764507514,-6.576177764507514,-6.859920864804876,-6.26892267320874,-6.26892267320874,-6.26892267320874,-5.881079980736761,-6.4419832085104405,-6.4419832085104405,-6.4419832085104405,-6.168754701553305,-6.743364437697583,-7.141099415961275,-7.141099415961275,-6.82515737319795,-7.183221711251068,-7.573153420530517,-7.573153420530517,-6.674386189163877,-7.134994985160869,-7.735576651283716,-7.735576651283716,-6.737500087028518,-6.923083786256667,-6.923083786256667,-7.558272588710858,-7.704812152441993,-6.530015904466716,-7.559396077321759,-7.559396077321759
-5.308722471950506,-6.595270791389358,-6.595270791389358,-6.595270791389358,-6.669217070552643,-6.533579150721305,-6.533579150721305,-7.200287506138446,-6.418719417662801,-6.529517739163385,-6.529517739163385,-6.529517739163385,-5.4189129870064665,-6.61833640034933,-7.050384676787788,-7.346921904797263,-6.626499229882951,-6.598166897230858,-7.020230755124007,-7.32780080874604,-6.081596541727109,-6.908698897509478,-6.908698897509478,-6.908698897509478,-5.986420870892551,-6.492818638374258,-6.870252080538556,-7.165949324989015,-7.061954695864868,-6.793886922502593,-6.793886922502593,-6.793886922502593,-7.615781594155762,-6.153485534612029,-6.153485534612029,-6.646526232058616
-6.664130441275622,-6.531070737762286,-6.531070737762286,-6.531070737762286,-7.119372731175275,-6.365672903472878,-6.365672903472878,-6.89643090006988,-6.75939882725632,-6.364272058109201,-6.904640169656276,-7.247587723318821,-6.201329911868808,-6.535804262286101,-7.51079233683665,-7.637082185718657,-6.186067519527849,-6.198612919978509,-6.198612919978509,-6.850280867333865,-5.984336000603047,-7.284349867484827,-7.577185575302428,-7.634566521965402,-5.858991555489822,-5.948470782360385,-6.823560013065261,-7.068744513197881,-6.780472457047377,-7.36975906352108,-7.36975906352108,-7.497611589535692,-7.517833392140398,-7.025207313756098,-7.025207313756098,-7.225339152599419
-6.135638769339592,-6.825569746730282,-7.117538372087343,-7.219948138128905,-6.558998174812722,-6.1495993142872285,-6.837143734638082,-6.837143734638082,-6.485610407363486,-6.712361692871449,-6.712361692871449,-7.36410903619868,-6.750215096991741,-6.797059927338711,-6.797059927338711,-7.309367786868919,-6.366593005095229,-6.467420581223892,-6.837325379554981,-6.837325379554981,-6.818237931539256,-6.800657578750655,-7.232434815470056,-7.232434815470056,-5.210240432181976,-5.918175511213447,-6.85477575299728,-6.85477575299728,-7.729057780454164,-6.680021460349181,-7.039655170527085,-7.6853400215996786,-7.567027839212493,-5.930985999468009,-7.610405483842378,-7.610405483842378
-6.143189897651021,-6.985575279074737,-7.296920167688089,-7.447715362282673,-7.071943916406918,-6.338819979760652,-6.338819979760652,-7.152811308383486,-7.35259036350953,-6.54832717760535,-6.54832717760535,-6.54832717760535,-5.359067442893081,-6.482372198376542,-6.977742137384474,-6.977742137384474,-5.913555832706656,-6.382204649351712,-7.552335617829854,-7.552335617829854,-6.564439823999113,-6.651079798518772,-7.521810356743106,-7.521810356743106,-6.417448475724288,-6.015521680673212,-6.573492089101855,-6.939474111024239,-6.096539413056263,-6.682549208490606,-6.682549208490606,-7.471494908641249,-7.695058606782613,-7.766418979356143,-7.829310504983179,-7.829310504983179
-6.400976032274103,-6.441279765546617,-6.441279765546617,-6.441279765546617,-6.831473989932256,-6.606673696699422,-6.606673696699422,-6.606673696699422,-6.888092507978559,-6.658230363932543,-7.128575947607927,-7.128575947607927,-6.292426383435468,-6.662518587936868,-7.052941329335346,-7.052941329335346,-6.597354675329589,-6.576987798755196,-6.978702488643886,-6.978702488643886,-5.867291406891358,-6.4364802703965935,-6.4364802703965935,-6.4364802703965935,-6.565991665223986,-6.538303396167256,-6.879030907320143,-7.112794665976864,-6.817392896715001,-7.400179706503984,-7.634441653709272,-7.634441653709272,-7.497410470134126,-6.088925655960648,-6.088925655960648,-6.088925655960648
-6.883277310405878,-6.448350249723527,-6.448350249723527,-6.448350249723527,-6.2606859368997645,-6.652753585215532,-6.652753585215532,-6.652753585215532,-7.011219468764263,-6.264888684706705,-6.828840729931008,-7.257595923202966,-6.014770717011578,-6.608752923265632,-7.018823830581415,-7.018823830581415,-6.480419400004319,-6.833248729620991,-6.833248729620991,-6.833248729620991,-6.795097597479998,-6.681222405115845,-6.681222405115845,-7.01437700752558,-6.373150703582228,-5.869513106180429,-7.279470659342975,-7.607781310194587,-6.818351056525666,-5.931060210392252,-7.207679879540093,-7.811012670635884,-6.573553958897474,-6.16062114945645,-6.16062114945645,-6.646566138306087
-6.643829893538049,-6.3221514902115485,-6.3221514902115485,-6.3221514902115485,-7.057577020786862,-6.9285738383767885,-6.9285738383767885,-7.330757527315572,-5.98124269943037,-6.855925469066026,-6.855925469066026,-7.162036994674086,-6.265030110270452,-6.436716895477962,-7.047339151812504,-7.047339151812504,-6.304951224718431,-6.486228474125513,-6.486228474125513,-6.486228474125513,-5.82845225199801,-5.784511764328384,-6.443808363769376,-6.937322020293536,-6.968787068340292,-6.402085183640335,-6.796703932159704,-7.222749595781363,-5.88865171386792,-5.932522737033379,-6.547139748575678,-6.547139748575678,-7.564705250255265,-4.167629989592125,-7.404555157788428,-7.404555157788428
-6.068034538673672,-6.107586168966138,-7.1655721183527685,-7.1655721183527685,-6.685699678642051,-6.80750997258307,-6.80750997258307,-6.80750997258307,-6.152813335402675,-6.705544321613462,-7.170714744941634,-7.170714744941634,-5.286031494495994,-6.568466517490048,-6.978640895193559,-6.978640895193559,-6.076400205322828,-6.754208509506761,-7.031395556784048,-7.4108536103212925,-7.145412971318186,-6.695173018029449,-6.695173018029449,-7.043217187802523,-6.414516754306341,-6.361956375898959,-6.737212591803218,-6.737212591803218,-6.73546837315774,-6.654578508734266,-7.325021654220016,-7.587653143459661,-6.3784852819781115,-5.969885941074701,-5.969885941074701,-6.437817089514568
-5.805994046964988,-5.85398621557785,-5.85398621557785,-7.072011881581832,-6.91782765790342,-7.076561812671395,-7.614944541639597,-7.74280301480019,-6.427955881156676,-6.425766479134589,-6.425766479134589,-6.425766479134589,-5.473358951554518,-6.865920714318815,-7.356434499586222,-7.356434499586222,-6.543831237315647,-6.687329066220758,-7.019477873434772,-7.019477873434772,-6.504589712546403,-6.503858928711754,-6.503858928711754,-6.92782709226621,-6.090797190840426,-6.554969029213559,-7.273416826894918,-7.273416826894918,-6.032389024802773,-6.124858647310213,-6.124858647310213,-6.643629901063321,-7.669350867314034,-6.087844813567422,-6.087844813567422,-6.585552910487678
-5.987656960089387,-6.286252560510839,-6.286252560510839,-6.286252560510839,-6.954006591126055,-6.533985488097907,-6.533985488097907,-6.533985488097907,-7.386517301449275,-6.682788935410096,-7.29151414640611,-7.29151414640611,-6.394508776855667,-6.011439690245839,-6.602312404051409,-7.041078408139435,-6.74861339655621,-7.063910547102848,-7.612966393691345,-7.635212000323642,-6.00187707268107,-6.532683150034911,-6.532683150034911,-6.532683150034911,-6.479079885252078,-6.0345932575477095,-7.296841674503606,-7.296841674503606,-6.651032465066939,-6.745553639291021,-7.158862570633609,-7.456010820842702,-7.590284208819009,-7.135305160467814,-7.406053281743304,-7.406053281743304
-6.885306149960777,-6.532635877060021,-7.206073402258228,-7.206073402258228,-6.16513426152177,-6.493322677373364,-6.87824276334436,-6.87824276334436,-6.763079793623003,-6.452410771382824,-6.9034543809419056,-7.148797547012306,-6.130019697924009,-6.103125755519407,-6.727810813240882,-6.727810813240882,-6.0273674519013385,-6.963290700633512,-7.289489859028283,-7.499512061076166,-6.791702575067156,-6.01489792316349,-6.91114460079818,-6.91114460079818,-6.049376430633219,-6.855492190195252,-7.447483329904294,-7.602609607175449,-7.087677108575727,-6.630994785769093,-7.038489172377442,-7.291932146826488,-6.448719839095712,-6.364313730698539,-7.522926566968115,-7.522926566968115
-6.691016266166068,-6.957884079551385,-6.957884079551385,-6.957884079551385,-6.502837119486108,-5.940315241970655,-6.566023107556766,-6.566023107556766,-7.227776113400827,-6.880168928980748,-6.880168928980748,-6.880168928980748,-6.035441523880322,-6.38749861424641,-7.400504949097829,-7.400504949097829,-7.041376001150313,-6.228888872833446,-6.814492621282467,-6.814492621282467,-6.008905414701333,-6.5223519661932166,-7.143130587162565,-7.34272591423765,-7.408102323385039,-6.205636159331516,-7.248296537034453,-7.248296537034453,-6.683224627623852,-6.664850262851763,-7.115281241595627,-7.115281241595627,-7.178541633419338,-5.926783972883529,-7.1488084348626035,-7.1488084348626035
-6.020748487846124,-6.397237187416984,-7.03428730631981,-7.03428730631981,-6.265482361235801,-6.008901235611534,-6.65013922091963,-6.65013922091963,-5.964812313130483,-6.39160539077284,-6.752809923530507,-6.752809923530507,-7.173266060430134,-6.957363049644891,-7.426861636439142,-7.426861636439142,-6.146969263123291,-6.28794827147447,-6.8600673055549,-6.8600673055549,-5.803853266184663,-6.055709678172076,-6.532705829424034,-6.532705829424034,-6.715060407211043,-6.597123174440908,-7.656016053230034,-7.839262531160388,-6.048321096745904,-6.083063919450089,-6.687988572814307,-6.687988572814307,-7.423593504373059,-6.70964246994369,-6.70964246994369,-6.70964246994369
-5.6979292075341625,-6.584927026084122,-6.584927026084122,-7.216859068322476,-6.187426082539336,-6.655519902716081,-6.655519902716081,-6.655519902716081,-5.720549435861935,-6.441317672836159,-6.441317672836159,-6.441317672836159,-6.237690063370624,-6.284559192320463,-6.853709862801389,-6.853709862801389,-6.1095025847530025,-6.261684197343074,-6.703885304165227,-7.1001302828635655,-6.964396622017185,-7.063715735523577,-7.381857292390116,-7.381857292390116,-6.4182283081884455,-7.052629028927608,-7.22049227360618,-7.22049227360618,-7.088633496517839,-7.007592300968142,-7.27704683837829,-7.529387156279959,-7.028123908742817,-6.274777432925845,-6.274777432925845,-6.764692986408688
-5.602812487274668,-6.325995526050055,-6.325995526050055,-6.325995526050055,-6.39446253830736,-6.2820353870172765,-6.962619259330921,-6.962619259330921,-5.874755543207673,-5.99321277580864,-5.99321277580864,-6.60233065454173,-6.118820330127385,-6.09430192551919,-6.916658854543406,-6.916658854543406,-6.685115836766571,-6.876819181255377,-7.193586032025032,-7.193586032025032,-6.058239667175729,-6.823938765260246,-6.823938765260246,-7.332487546128677,-6.588865878401183,-6.108156537618658,-7.069990864879257,-7.424423677862437,-6.401178534875721,-5.945123597650425,-5.945123597650425,-7.742237465996125,-7.3400804230113215,-5.704286012514645,-7.3174568564169515,-7.3174568564169515
-7.0154513870015744,-6.213951684405399,-6.213951684405399,-6.911081188994458,-6.397710116092068,-6.586601360783559,-6.586601360783559,-6.586601360783559,-6.765283768307831,-6.823877998568582,-7.41587973106642,-7.44214496462993,-6.083788837541526,-6.27704773030334,-6.27704773030334,-6.87553186646696,-5.584787274804931,-6.688533123553218,-7.147497313608047,-7.147497313608047,-5.830955537226488,-6.060290479703107,-6.060290479703107,-6.6559860445132255,-7.397332716428952,-6.765030764858761,-7.474043636701485,-7.614811297393286,-5.945081480610183,-7.188898380171043,-7.332040925349721,-7.373040914611471,-5.259030190400431,-6.885597950767389,-6.885597950767389,-6.885597950767389
-6.561966504787979,-6.085743182579226,-6.720492139139648,-6.720492139139648,-6.978477751595816,-6.362219543602451,-6.362219543602451,-7.054265739389975,-6.2701437109178135,-6.8300785848773735,-7.121679680080364,-7.121679680080364,-7.167077043802901,-7.123974498415767,-7.123974498415767,-7.388152843494337,-6.661082861037244,-6.78559423786537,-7.204516852297194,-7.204516852297194,-5.774617552433075,-6.243551403157442,-6.243551403157442,-6.680347522037224,-6.38672027790645,-6.078565412726002,-6.604847198867676,-6.604847198867676,-7.371209588881735,-6.803026681442259,-6.803026681442259,-7.486531223417208,-7.225259820239517,-6.163587731557854,-6.163587731557854,-6.163587731557854
-5.656665172619247,-6.293612189056699,-6.943830972658999,-6.943830972658999,-6.684650366493268,-7.010964280345364,-7.321685035521352,-7.321685035521352,-6.7836401454575945,-6.553186683178986,-6.8391603194815,-6.8391603194815,-5.487383841626866,-6.156938679060849,-7.023318479285452,-7.023318479285452,-6.069399952170599,-6.837912286977986,-7.1745440861343885,-7.532961619504803,-5.95373874129445,-6.360965450251699,-6.75862918335987,-7.045453869994679,-6.549283704040642,-6.426096654613433,-6.803525862818772,-6.803525862818772,-7.291865656194827,-7.381159339117736,-7.425506243800848,-7.425506243800848,-7.57696183462506,-6.805571563459184,-6.805571563459184,-7.105672375316147
-6.374131836675496,-5.749708833915218,-6.8196929092816525,-6.8196929092816525,-5.9988368437019925,-6.409177341111815,-7.036842814993104,-7.036842814993104,-6.222284773924658,-6.552306238255203,-6.99621203921254,-7.068545522840678,-6.6375560033034136,-6.796297178166075,-6.796297178166075,-7.221346449266155,-6.34245433082622,-7.021162925345746,-7.33555566098188,-7.444197468230339,-5.895277357022914,-6.464459601000018,-7.185698168627739,-7.185698168627739,-6.203129641526954,-5.774944874448522,-6.540749967294184,-6.540749967294184,-7.231369683396633,-7.389207629595414,-7.650561741598428,-7.760166601891313,-7.803373256469192,-7.673048308741432,-7.832330947511889,-7.832330947511889
-5.703070771197151,-6.497395661540274,-6.497395661540274,-6.497395661540274,-6.3628126980052455,-6.349005395243664,-6.349005395243664,-6.349005395243664,-6.698335974223777,-6.6641662339853855,-6.6641662339853855,-6.6641662339853855,-5.865879560689208,-6.542883906071481,-6.941622704175311,-7.226230288668472,-6.591524230156984,-6.610142703544541,-7.03075696414185,-7.03075696414185,-6.708567340157723,-6.682000968180248,-7.025786014156407,-7.295243747318127,-6.985386212615273,-6.583439275830119,-7.0523679954493925,-7.0523679954493925,-7.070074507909775,-6.47096186010622,-6.47096186010622,-7.166259945231617,-7.08041099158642,-6.507528696222523,-6.507528696222523,-6.891455769734275
-5.462328437912008,-6.503429535066371,-7.194967752471804,-7.194967752471804,-6.9304359312536405,-6.79736508413224,-6.79736508413224,-6.79736508413224,-6.759172162642252,-6.666471871873277,-7.251557730098858,-7.27562274730809,-5.90883852062845,-6.436710218412346,-6.847764768184929,-7.164963691954442,-5.953188458505156,-6.506579376012557,-6.974589565852959,-6.974589565852959,-6.911514559524385,-6.06012685123927,-6.06012685123927,-6.616581456317201,-6.830887180866362,-7.087888866858987,-7.087888866858987,-7.087888866858987,-6.812813452995963,-6.58592004615565,-6.58592004615565,-6.58592004615565,-7.512269980385387,-7.2958465551037985,-7.656040896137821,-7.656040896137821
-6.267935284425052,-6.074775818899574,-7.116070011593616,-7.116070011593616,-5.895310346497068,-6.507282118934803,-7.0273243101605285,-7.0273243101605285,-7.22490396044569,-6.76362777514619,-7.259045004317826,-7.259045004317826,-6.19587467335816,-6.096076390224874,-6.6200250598062205,-6.6200250598062205,-5.923787203364483,-6.673607284322433,-6.918483571629961,-6.918483571629961,-5.179342267898232,-5.959391966884007,-6.523984013812795,-6.523984013812795,-6.269892972361914,-5.999048762474247,-6.488307485451385,-7.224418265465064,-6.274337362488405,-6.393823672852261,-6.393823672852261,-6.792131427252353,-7.280917663955884,-7.246464049186683,-7.246464049186683,-7.246464049186683
-5.789995422843106,-6.471461706456013,-6.785995619470963,-6.785995619470963,-6.998671957837482,-7.253337721599706,-7.253337721599706,-7.546985469080637,-6.379748762046188,-6.018831865275731,-6.635624902859568,-6.635624902859568,-6.326773191860955,-6.309377256851196,-7.015904028361485,-7.015904028361485,-5.939484859768965,-6.732037419828727,-7.308201431456449,-7.308201431456449,-6.373683440288929,-6.517975367584501,-6.935472121412261,-7.38307135160291,-7.106884875652666,-6.823208982247522,-7.246843498124194,-7.246843498124194,-6.343255217822122,-6.784099058354182,-6.784099058354182,-7.467890151830902,-6.623213395740085,-7.2114111604453335,-7.724562755108112,-7.724562755108112
-5.911480186379378,-5.687515298207405,-6.756481774415624,-6.756481774415624,-6.121232379074612,-6.178403603171714,-6.836783871907408,-7.21976261034014,-6.581962454718189,-6.6356983583705045,-6.916529620642647,-6.916529620642647,-6.47512314190825,-6.799094888377608,-6.799094888377608,-7.2159117371709405,-5.820035881709186,-6.797058074025125,-7.075208668732493,-7.311364832531031,-6.951931024973561,-6.737906959943484,-6.737906959943484,-6.737906959943484,-5.948966571521662,-6.36738243456828,-6.725699244518065,-6.725699244518065,-5.77083774878772,-6.164436252571616,-7.063008667705631,-7.139942077483359,-7.629370900050906,-6.603811869678385,-7.34723907403126,-7.34723907403126
-6.899763540155886,-6.4185543473644335,-7.13637911683826,-7.13637911683826,-7.196432393772115,-5.699876077130208,-6.698889617059903,-6.698889617059903,-6.33345198419246,-6.6523674045778165,-6.6523674045778165,-6.6523674045778165,-6.9338167622915154,-6.774279921273223,-7.13902464033497,-7.381403598380723,-6.0213082470062025,-6.385128180748126,-6.385128180748126,-6.385128180748126,-5.829810584316171,-6.255400234616365,-6.255400234616365,-6.637630651225893,-6.798393483949904,-6.548564916399997,-6.941017416283436,-6.941017416283436,-7.5934854426812946,-6.49791773143788,-6.906625604559805,-7.42570497200917,-7.627534333143565,-6.0482965201733965,-7.117398216507902,-7.117398216507902
-6.186328144848989,-5.593703268919005,-6.653268328752888,-6.653268328752888,-6.564268288970607,-6.281294971887757,-6.281294971887757,-6.281294971887757,-6.496107604472341,-6.000139491038398,-7.072738382422485,-7.072738382422485,-6.090899619762847,-6.813281698355531,-6.813281698355531,-7.229086982286048,-6.204265469442367,-6.552271309756321,-7.069624059644875,-7.069624059644875,-6.639988012096466,-6.238498662160795,-7.159611654275172,-7.414995877187605,-6.3922019089978015,-6.306095966432117,-7.514293819347722,-7.514293819347722,-7.348463315395477,-7.057101488892897,-7.587042829956077,-7.587042829956077,-7.638679609763681,-5.976308553208296,-6.524126164823225,-6.524126164823225
-6.564500713547238,-5.139397863778035,-6.183492992931402,-6.183492992931402,-6.669936218263629,-6.432913079739547,-7.029262417275687,-7.029262417275687,-6.092720209912948,-6.287023330094686,-6.990790258732242,-7.345749508842833,-6.194387609583932,-6.815594865047133,-7.45081594572189,-7.565821851389691,-5.383173002265939,-6.765436212969055,-6.765436212969055,-7.135751216290606,-5.879306565483174,-7.039919908143488,-7.465164971555358,-7.5705544788968355,-6.98270934709614,-6.948407284280268,-6.948407284280268,-7.416785912249842,-7.0545743920606405,-7.062240110866906,-7.306439368876553,-7.797415077961997,-6.909965214871918,-6.904185852086223,-6.904185852086223,-7.120302875566856
-6.639174049378527,-6.49968132044377,-6.49968132044377,-7.224518968478979,-6.615421049578195,-6.373497434795775,-6.373497434795775,-6.373497434795775,-6.554264792580293,-6.318618802047678,-6.722542584138567,-6.722542584138567,-6.168384424336615,-6.787032096605763,-6.787032096605763,-6.787032096605763,-6.197188078443286,-6.3625439422391485,-6.3625439422391485,-6.3625439422391485,-6.79167973513506,-6.453952967308352,-7.443449320739768,-7.535256802196315,-6.369191513975395,-6.157685425428275,-6.157685425428275,-6.794303155737046,-7.342356002198628,-7.111227349405847,-7.386746294837842,-7.623674895158017,-6.576595576694921,-5.3322987886360025,-7.627182579214441,-7.627182579214441
-6.546881283778215,-6.194717360369774,-6.194717360369774,-6.194717360369774,-6.14560215297753,-5.972832424467499,-6.549651099904705,-6.549651099904705,-6.399334812987268,-5.860790717294707,-6.461054939787446,-6.461054939787446,-6.635447670979399,-6.81022488682834,-7.169730509374758,-7.378749790150905,-6.245006753495645,-6.835473994984038,-6.835473994984038,-6.835473994984038,-6.581316526591371,-6.961858710275398,-7.272681882813142,-7.773444427230151,-6.7568728208794,-6.467684689592929,-6.896058476947417,-7.377012222898807,-7.129331798139707,-7.369351343168632,-7.598444059474381,-7.711573085457231,-7.434330248594421,-7.3507436760495555,-7.552035433730589,-7.552035433730589
-5.456168898026023,-6.375450828487656,-7.091727066039688,-7.091727066039688,-6.393522004708885,-6.47263618896419,-6.47263618896419,-7.097710847960878,-7.821429137176412,-6.381279457157967,-6.381279457157967,-6.381279457157967,-5.603902944733491,-6.844281131379439,-6.844281131379439,-7.265133159336438,-6.567881170309548,-6.074426288156209,-6.6036614168414935,-6.6036614168414935,-6.799540026518786,-6.775946809939717,-7.240930078803819,-7.240930078803819,-6.363910579624914,-7.466738278536203,-7.466738278536203,-7.466738278536203,-6.773246976668504,-6.683134119691982,-7.08033644506146,-7.380879638502291,-7.701518405566594,-6.768922222163843,-7.439356656445049,-7.439356656445049
-6.197480413194668,-5.881284294705886,-5.881284294705886,-7.079726023006763,-5.781788717906787,-5.467043853424037,-6.454215585736329,-6.454215585736329,-7.01111328119792,-6.536879380058085,-6.955153785075396,-6.955153785075396,-6.276692108183374,-6.454768931361915,-6.915673224397944,-6.915673224397944,-6.042131124797976,-5.514251764897671,-6.406425396755742,-6.406425396755742,-6.423207953252033,-7.431378353425789,-7.431378353425789,-7.4862165134909375,-6.03688127292595,-7.065311643071127,-7.484938053133686,-7.598514160626444,-7.535830350557447,-6.5893100248012,-6.990163479978159,-6.990163479978159,-7.318930609414245,-6.44126485541307,-6.44126485541307,-6.76540881205851
-5.498513734971269,-6.597812006333342,-6.597812006333342,-6.966530151734228,-6.472603562087444,-6.860507502494275,-6.860507502494275,-6.860507502494275,-6.88548721493605,-6.941316537350938,-6.941316537350938,-7.430428829310532,-6.137250868993521,-6.754289931932383,-7.50514542945072,-7.50514542945072,-5.743023416287563,-7.268146752256012,-7.623482375186396,-7.623482375186396,-7.167589987583574,-6.791004977227065,-7.523936601984706,-7.53929106330634,-7.148617405244534,-6.044968139289534,-7.198561560803793,-7.394232997454645,-6.66053055268136,-7.0211151475146005,-7.0211151475146005,-7.309459619231482,-6.48818182006567,-6.735818145033192,-6.735818145033192,-7.02050523910795
-6.5777595753680576,-6.886073124510313,-6.886073124510313,-6.886073124510313,-5.827923851234747,-6.382732793431006,-6.973362633120995,-6.973362633120995,-6.268929389643558,-6.537265377413506,-7.003049945010613,-7.003049945010613,-6.6531204386939455,-6.400735607246171,-6.400735607246171,-7.05357871171096,-6.518836020043537,-6.550485350384927,-6.931954115466444,-6.931954115466444,-6.664165464642751,-6.7157727830574405,-6.7157727830574405,-7.166686595221304,-7.155997697503382,-7.0670968910683,-7.13662287610193,-7.399862111938998,-6.509463741165021,-6.072949754018191,-6.072949754018191,-6.6752940028338985,-6.438130908750212,-6.6742612636604495,-7.205816516869883,-7.205816516869883
-6.300324788231083,-5.707066744437653,-5.707066744437653,-5.707066744437653,-6.474580656714533,-6.257143488233734,-6.257143488233734,-6.887930360642972,-6.307562972389221,-6.471312452088398,-6.936095376298112,-7.253847730538502,-5.227028311927631,-6.739540428436209,-7.154097885936677,-7.6075355292039,-6.7402521685961645,-6.8050830929950825,-7.357872488067308,-7.357872488067308,-6.356404811551884,-6.699725441414725,-7.048437254431113,-7.253585505787857,-6.130891006250749,-6.079523392810627,-7.2527260452409585,-7.2527260452409585,-6.504460957715209,-7.409407551318825,-7.668072626390515,-7.668072626390515,-7.153747640729203,-7.391929447245589,-7.552966720512892,-7.552966720512892
-6.742620871294971,-6.280830348616906,-6.280830348616906,-7.503012990841787,-6.464902073495704,-7.107496093484816,-7.107496093484816,-7.536253361677826,-6.549348896320093,-7.164205429099567,-7.482169349719658,-7.482169349719658,-6.066491917519628,-6.5361421660901895,-6.5361421660901895,-6.9092026924611805,-6.216080219976697,-6.24549732571811,-6.844158332354503,-7.2607614930320254,-6.437671481891705,-6.038728092612837,-6.5325067709255,-7.213672894563234,-6.8539714774043645,-6.548082088227659,-6.548082088227659,-6.904476864901796,-6.334647416372054,-6.692249010721342,-6.692249010721342,-6.956176911317681,-7.565385108282694,-7.565385108282695,-7.565385108282695,-7.565385108282695
-6.222166979771114,-6.769673723518742,-6.769673723518742,-6.769673723518742,-5.284226413034448,-6.324129065373429,-6.324129065373429,-6.324129065373429,-6.182065528542051,-6.753651276648392,-6.753651276648392,-6.753651276648392,-5.3618400497444,-6.545657394351414,-6.545657394351414,-7.014844111992134,-5.167827727481875,-6.111466627705894,-7.248669961560328,-7.248669961560328,-6.035530683645442,-6.142236262026835,-6.80389206818522,-6.80389206818522,-6.652813875836444,-7.279867340281083,-7.699821016286723,-7.742369222772045,-6.826483202411836,-6.774058339587442,-6.774058339587442,-7.027952442279413,-7.562517269776755,-7.141360029084352,-7.667817389293253,-7.667817389293253
-5.990579338593955,-6.503576052594034,-7.229976325578438,-7.229976325578438,-6.716027258808247,-7.205827955479827,-7.205827955479827,-7.205827955479827,-6.928080526088477,-6.562104599477504,-6.973573736665599,-6.973573736665599,-5.569341480386143,-6.730006686078158,-6.730006686078158,-7.236949978667639,-6.172064850397764,-6.390051492034621,-6.390051492034621,-6.8028845045700805,-6.266196290220861,-6.195788702415753,-6.79077522411434,-7.213440417698584,-7.335016550824943,-6.075875952336813,-6.617365051800912,-6.617365051800912,-6.365330684254348,-6.465511910814601,-6.465511910814601,-6.811427278635531,-7.141281251424971,-7.626501549589669,-7.899824027227902,-7.899824027227902
-6.711551147819968,-6.722736073369543,-7.069220604534888,-7.349170316366838,-7.188747035588237,-6.597493653080507,-7.30017987559842,-7.30017987559842,-6.7808750908943605,-6.454139635165023,-6.454139635165023,-7.179133808146992,-6.158255394697336,-6.909157645170048,-7.379096663365997,-7.538014209318492,-6.455273834926299,-7.0360841081952525,-7.0360841081952525,-7.298497539030622,-5.844196541199002,-6.0724016195856985,-6.0724016195856985,-6.659971261128101,-5.982642377173334,-6.133884328949531,-6.133884328949531,-6.664001134102584,-5.884017271967481,-6.2736855796720254,-6.744447780318332,-6.744447780318332,-6.670795724225086,-6.53462964470739,-6.959825991140052,-6.959825991140052
-5.92376161403916,-6.188034354652023,-6.188034354652023,-6.863845919019043,-6.866274666025358,-6.316939109415596,-7.022863758801472,-7.022863758801472,-7.292336517398008,-6.103683694486213,-6.75820353374646,-7.163332983160906,-5.516861129369529,-6.292641262764788,-6.719037983492644,-6.719037983492644,-6.396392579326529,-7.839759932093404,-7.956563976857142,-8.032968896008262,-5.381155481842468,-6.474081116467756,-6.8385241801430805,-7.11118221699175,-6.09662141411593,-6.893708563198109,-7.364063424506383,-7.403854399524054,-6.61258581694229,-6.602943782590401,-7.313304976522876,-7.832968852907404,-6.765398455516884,-7.365986914540632,-7.622176672466777,-7.622176672466777
-5.56844803632508,-6.385046742146961,-6.385046742146961,-6.385046742146961,-6.355598003810756,-6.705718835411192,-7.15883333027752,-7.15883333027752,-6.902923990769418,-6.795991977585011,-7.3431801184610785,-7.384077610560977,-5.959020256234727,-6.547864792969328,-6.547864792969328,-6.9623258782465625,-5.458652071923769,-6.11933323091074,-6.7331637698879705,-6.7331637698879705,-6.781237602685629,-6.912480457500292,-7.412257912084973,-7.431705000479699,-6.159417620139216,-6.607735285400092,-7.273593367108081,-7.469322216856133,-6.029324880752758,-6.032983080757343,-6.955702905868458,-7.232448541893311,-7.709150595636363,-6.530084279941208,-6.530084279941208,-6.875733822279331
-5.738212926651359,-6.015507150547158,-6.015507150547158,-6.015507150547158,-6.051523123223569,-6.18540606398137,-6.827794429910437,-6.827794429910437,-6.152266431657525,-6.65993744359186,-6.65993744359186,-7.091802632109367,-6.452924281406923,-6.801646603071293,-6.801646603071293,-7.1691996838682135,-6.0186811730098775,-6.9283909068801055,-7.203458680838883,-7.203458680838883,-6.978898550053102,-6.615298024291308,-6.615298024291308,-7.032349162131167,-6.427544355298185,-5.975896618900493,-6.920940346454206,-6.920940346454206,-6.895442834350824,-6.576567792852549,-6.576567792852549,-7.004329799731662,-7.39245559507982,-6.034455607311994,-6.034455607311994,-6.034455607311994
-5.856760848421984,-5.465364415368672,-6.614692066439457,-6.614692066439457,-6.457286053320767,-6.932054523891395,-7.4151165097261345,-7.4151165097261345,-6.593605508122078,-6.1190628407918615,-6.669552531828882,-6.669552531828882,-5.413227886541336,-6.233791713025199,-6.815847306460807,-7.237877598526691,-5.539569535616886,-6.138748676682031,-7.218692420221733,-7.49479162887997,-6.808605879741211,-6.519506757819634,-7.410666126875034,-7.410666126875034,-6.182625724464273,-6.895662949266047,-7.184114925499077,-7.614798563278916,-6.512408373819468,-6.619097402372788,-6.619097402372788,-6.938228905491986,-7.618365203010467,-6.722300413987951,-7.776731974749006,-7.776731974749006
-5.836909231276923,-6.186718315206562,-7.030644821743319,-7.030644821743319,-7.0387677640582345,-6.478570435278248,-7.163720249362269,-7.163720249362269,-6.33866225622526,-6.867080136440372,-6.867080136440372,-7.211344369514816,-6.0220951032662455,-6.666631252198799,-6.666631252198799,-7.066008302401651,-5.972743168004125,-6.768162620372146,-7.223483120622268,-7.223483120622268,-6.508187714767113,-6.5114231189002645,-6.5114231189002645,-7.38051608861725,-6.650270973756072,-6.109699130486547,-6.681137324187589,-7.0598568294211805,-5.259086022630881,-6.698383467526057,-7.304870674701461,-7.577854004675931,-7.468779007638714,-5.904384334451996,-5.904384334451996,-6.423782076399697
-6.81662866541302,-6.672473834402627,-7.389199059395816,-7.389199059395816,-6.261216871004228,-6.65323252403668,-6.65323252403668,-6.65323252403668,-6.922661825794918,-6.452549354441507,-6.854605083453006,-6.854605083453006,-6.116243503903996,-6.639946993110513,-7.032749398095608,-7.032749398095608,-5.773139394456287,-6.379522854300458,-6.379522854300458,-6.728790480235903,-6.818016372908165,-6.305024484332243,-6.890357133710889,-7.356010767782796,-6.668605532163131,-6.514237942482531,-6.514237942482531,-6.514237942482531,-7.498148322705632,-6.751995903293752,-7.059524227853279,-7.350297712316798,-7.538175177587759,-5.858832087006262,-6.387865076693857,-6.387865076693857
-7.0140991500936245,-6.949828111432948,-6.949828111432948,-6.949828111432948,-6.019969861315103,-6.8602630506266085,-6.8602630506266085,-6.8602630506266085,-6.509407640558688,-6.732655702225701,-7.111338652455583,-7.111338652455583,-5.605051611824129,-5.857781976968177,-6.4207844808343735,-6.4207844808343735,-5.958306221118862,-6.492693871594469,-6.891700535048869,-7.190781908707451,-6.591706226124492,-7.012756232351481,-7.317841854923403,-7.349594747784776,-6.826893371851081,-6.921799660055412,-7.258086044195991,-7.474752891864423,-7.1390489504307535,-6.185884416056684,-6.691852159536289,-6.691852159536289,-7.244412027266339,-6.062825157911407,-6.551973589631383,-6.551973589631383
-6.508244006743079,-5.766467778822507,-6.825348278709534,-6.825348278709534,-6.188625920123432,-6.463932697323164,-6.463932697323164,-6.855850396733316,-6.176923398679111,-6.475505187543815,-6.943950048109582,-7.187924628701696,-6.5922881185868665,-6.645670884099204,-6.645670884099204,-7.063687416978135,-5.456437714984584,-6.905968023341208,-7.427288290290305,-7.545050833819582,-6.160662538304718,-6.784528896127523,-6.784528896127523,-7.232788345039083,-7.08264806563177,-7.300549789562462,-7.496953654893883,-7.546041437866,-7.576785050544889,-6.707110274899198,-7.077126399041269,-7.077126399041269,-6.940989473831801,-4.3253311279041435,-7.617663552650084,-7.617663552650084
-7.072438417555335,-6.99501533830784,-6.99501533830784,-6.99501533830784,-6.781498041590261,-7.165826043197039,-7.165826043197039,-7.165826043197039,-6.970892166396404,-6.407789789015959,-7.026098523093535,-7.417177317309651,-5.579408336670541,-6.277308751751182,-6.85252985106151,-7.187292988547887,-5.928774142151885,-6.39905340050465,-6.798642400186424,-6.798642400186424,-5.79857750084189,-5.950860891065124,-6.818282677469156,-7.411140230365307,-6.778644868534444,-6.363175763229496,-7.441635657663307,-7.522739867656154,-6.206560118784206,-6.274443920413943,-6.274443920413943,-6.274443920413943,-6.778137251676677,-5.888276214312045,-7.5359102008966445,-7.5359102008966445
-6.602767603550979,-6.707071450376877,-6.707071450376877,-6.707071450376877,-7.160032078719128,-7.293380595593986,-7.293380595593986,-7.293380595593986,-6.828804975706284,-6.603476106580064,-7.331155853085733,-7.331155853085733,-6.738601143447993,-6.835164922204029,-6.835164922204029,-6.835164922204029,-6.364402012481097,-6.913161104362839,-7.11617905691597,-7.165559609610567,-6.054140984184572,-6.621454185766604,-6.621454185766604,-7.258508471116647,-5.87796614507992,-5.9797111767266005,-5.9797111767266005,-6.463045685515437,-6.998360173169191,-6.612970178315985,-7.047813672691967,-7.047813672691967,-7.689909058238245,-7.6365796858477575,-7.835647297629925,-7.835647297629925
-6.670969428557656,-6.241782823557447,-7.232981982215367,-7.232981982215367,-6.544647972219247,-6.866725395576808,-6.866725395576808,-6.866725395576808,-7.290336251148401,-7.182226762345252,-7.182226762345252,-7.182226762345252,-6.0425746539543415,-6.46777218644744,-6.867523235608102,-6.867523235608102,-6.570593046381137,-6.639670621999331,-6.639670621999331,-6.639670621999331,-6.7325113359613775,-6.589778705166681,-7.451406030645957,-7.736451919005637,-6.462474489288272,-6.483742764588477,-7.3721674180804335,-7.709423714455885,-6.767495224737597,-6.881711971106534,-7.174152730065009,-7.620711926149693,-7.366194074795892,-5.368838169593871,-6.774905673287602,-6.774905673287602
-6.501940798774449,-6.896326575904455,-7.251294290716327,-7.626158309332183,-6.694081254072085,-6.7497362239802055,-7.08120871925068,-7.08120871925068,-7.047655592130292,-6.661425608428101,-6.661425608428101,-6.661425608428101,-6.128682129413051,-6.706929922949128,-7.195954101186938,-7.195954101186938,-5.968366526321088,-6.174189133478103,-6.702608996381542,-6.702608996381542,-7.42827499982958,-7.273986314219737,-7.844041773297267,-7.844041773297267,-7.113422757212876,-6.658843934953122,-7.401286188083922,-7.488221879845307,-7.413681849851406,-6.822979070196261,-7.461160548330787,-7.512432945990235,-7.701881523253488,-6.005547733675878,-6.005547733675878,-6.556299840002801
-5.61812336971257,-6.774995503002831,-6.774995503002831,-7.134187214589311,-6.86166438635243,-6.191509744053663,-6.799251299415328,-7.170630522851047,-6.651364621042999,-6.649913774714829,-7.267834816630912,-7.267834816630912,-6.257239382696989,-6.603426213498189,-7.032552213519601,-7.325434261286912,-6.693666314579112,-6.433497009225418,-7.149300989232206,-7.149300989232206,-6.039724174033117,-6.64645219479989,-6.64645219479989,-6.64645219479989,-6.249689627734933,-6.624718258163465,-6.624718258163465,-6.952831927176177,-6.83774604577647,-6.7893359717504485,-7.457749066975943,-7.609089328285664,-7.072075110707636,-4.235424886483369,-4.235424886483369,-6.416372626694638
-5.63530898396323,-6.883621363680072,-6.883621363680072,-6.883621363680072,-6.533057437455915,-6.303804503371632,-7.012481937376844,-7.012481937376844,-6.288682030877673,-6.23971159118623,-6.23971159118623,-6.23971159118623,-5.970886999141088,-6.579297350289825,-6.579297350289825,-7.050431449049528,-5.546085302182206,-6.72908322620173,-7.199598050354117,-7.199598050354117,-6.010131391570956,-6.211339861882119,-6.790232356800763,-6.790232356800763,-6.864063438229256,-6.205473094535631,-6.205473094535631,-6.735443321504436,-6.7236139107791,-6.364789610361376,-6.364789610361376,-7.057432807607983,-7.040850632462472,-6.796122145837176,-7.596445601166018,-7.596445601166018
-6.477213585467506,-6.487766823797078,-7.213372160210008,-7.213372160210008,-5.940378224136568,-6.046561965943434,-6.046561965943434,-6.658772692285515,-6.214859419896655,-6.992435042427959,-7.303888740466855,-7.303888740466855,-6.407603422605796,-6.654793838092084,-6.976478108762286,-7.273442877746961,-6.310416441031147,-6.829646639521263,-6.829646639521263,-7.206157292766329,-6.752686196937745,-6.520912567345766,-6.859167380264122,-6.859167380264122,-6.211508195408035,-6.959863978558233,-7.804706770116044,-7.839830269458038,-6.858156925023183,-6.864454054710771,-6.864454054710771,-7.117147552142281,-7.242721907296601,-6.641761501011918,-6.641761501011918,-6.991664907929584
-5.741183970834268,-5.880962221846792,-6.938257413978241,-6.938257413978241,-7.297858455549621,-6.422752744752695,-7.0268801171145405,-7.0268801171145405,-6.19438496569739,-6.847695779095963,-6.847695779095963,-7.22430262897759,-6.698288649059441,-7.241309697275846,-7.774416865935695,-7.935434796713732,-6.659287042569138,-6.676840805910995,-7.061180815538499,-7.061180815538499,-6.607848138250225,-5.951712595533895,-6.846676119845881,-6.846676119845881,-5.979692692217332,-6.197443774577916,-6.632770481572367,-6.936354660685744,-7.7718719155122225,-6.6278998490252965,-7.105567327384055,-7.105567327384055,-6.873018979249236,-5.955254000576354,-7.443905706139051,-7.443905706139051
-5.858201086744401,-6.173674299120679,-6.173674299120679,-6.173674299120679,-6.597002862831457,-6.511362610099447,-7.162163986349389,-7.162163986349389,-6.957801552727823,-7.433322092461904,-7.7455106296423235,-7.7455106296423235,-6.454336884997862,-6.360156754066767,-7.275923301977542,-7.342430563391691,-6.44301476886698,-6.024875594720885,-7.022281069554007,-7.022281069554007,-6.827247126611431,-6.569264581648143,-7.214599430094143,-7.495364763230887,-6.019059233153624,-6.028399047304142,-6.587714111590094,-6.587714111590094,-6.783834941898135,-6.04599010780246,-6.04599010780246,-6.597928062738845,-7.753006897081754,-5.336784020910219,-5.336784020910219,-5.336784020910219
-6.7567070149414725,-6.088985981824327,-6.770702682304531,-6.770702682304531,-6.354695035885406,-6.52755773204761,-7.033809210511591,-7.033809210511591,-6.189731256929509,-6.747610401722055,-6.747610401722055,-6.747610401722055,-5.951501723779272,-5.874762581655451,-6.498876202540259,-7.069146439638294,-5.762065872505599,-6.357573435326295,-6.357573435326295,-6.792719909515114,-6.336944445492255,-6.5517525081741,-6.5517525081741,-6.92454744594289,-6.861411357469997,-6.570403126496899,-6.570403126496899,-6.919514068391319,-7.725664873807131,-7.76363947586576,-7.76363947586576,-7.76363947586576,-7.466892354257846,-7.620075027398801,-7.7311709838444775,-7.7311709838444775
-5.897533742096197,-5.904700098260377,-5.904700098260377,-7.005967343727034,-6.356297108675414,-6.357084577238981,-6.768316850327598,-7.324733148654356,-6.737691360369544,-6.334875585213659,-6.97978834980244,-7.40253974477269,-6.219505579975592,-6.528628934253987,-6.528628934253987,-6.994527715547002,-6.171146802084516,-6.7410104691702095,-7.207132760548668,-7.483365229938194,-6.878206862606209,-6.605316098389794,-7.06177301014623,-7.06177301014623,-6.019851875642728,-6.593595022020985,-7.012240528062941,-7.291067816313439,-7.59784692138659,-6.084587105701049,-6.084587105701049,-6.965331803141094,-7.311165912289242,-6.321136804739163,-7.418941955811884,-7.418941955811884
-5.96677603411973,-6.569446979040052,-7.301419781562144,-7.6748938184421185,-7.030653950798073,-6.247163158125353,-6.947529969295927,-6.947529969295927,-5.915496556343243,-5.6306951860826295,-6.5472408174431305,-6.5472408174431305,-6.168117250236184,-6.315199124488682,-6.315199124488682,-6.315199124488682,-6.365139763609892,-6.868486387375851,-7.403813603555909,-7.468280117175897,-5.341783108136671,-6.543953641256398,-6.543953641256398,-7.496813605290016,-7.234438508941822,-6.081727824829632,-7.003651346163418,-7.003651346163418,-6.655646364624397,-7.76497288457649,-7.76497288457649,-7.76497288457649,-7.2966431520304535,-6.709063066286438,-6.929995681527357,-6.929995681527357
-6.7838820752472015,-6.536585947530601,-7.264078755726548,-7.264078755726548,-7.078614191403571,-6.8537639767469,-6.8537639767469,-7.301021340431074,-6.322967444039785,-6.620563304355032,-6.620563304355032,-7.0946664229508976,-6.037177081328345,-6.449981437758466,-6.843945427375418,-7.154439620618295,-5.438713244183836,-6.956500457016814,-7.301108089672642,-7.301108089672642,-6.804247830380166,-6.532691181605333,-7.197228304519617,-7.197228304519617,-6.397771349475667,-6.776155551159482,-7.324819261940061,-7.572602783928303,-6.577404239651094,-7.007933010765992,-7.007933010765992,-7.007933010765992,-6.874637499814593,-7.005773079944425,-7.601808445938951,-7.601808445938951
-5.8975737154439365,-6.383424823626723,-7.089147275698101,-7.089147275698101,-6.55379323874961,-6.985413145646599,-6.985413145646599,-7.376098082973038,-6.855005062315314,-6.638637143329281,-6.638637143329281,-6.638637143329281,-6.54292061739535,-6.233329125267021,-6.233329125267021,-6.907800032322582,-6.0558312443875,-6.932010848357212,-6.932010848357212,-6.932010848357212,-7.1222269396055085,-6.8860767503691545,-6.8860767503691545,-6.8860767503691545,-6.045578610374298,-6.056443720110621,-7.0005778411078,-7.622647110863066,-7.276799380182176,-6.945515045180226,-6.945515045180226,-6.945515045180226,-7.7772875621868724,-6.484531124988296,-7.78954655254033,-7.78954655254033
-6.394844533253753,-6.880248719147914,-6.880248719147914,-6.880248719147914,-6.685903840201689,-6.811175360418144,-6.811175360418144,-6.811175360418144,-7.237937438457771,-6.808301356259975,-6.808301356259975,-7.177463918188288,-6.181292646627928,-6.354166899477179,-6.93344652011208,-7.327801997754029,-5.991195438063304,-6.1018293402801485,-7.024597544640379,-7.024597544640379,-6.207654237491932,-6.032995583518085,-6.958358261072511,-7.574183130195094,-7.410872185791206,-7.59963973059492,-7.782306917131478,-7.782306917131478,-6.824269660612952,-6.831653043932233,-7.113058037538554,-7.113058037538554,-7.653461769238083,-6.454891441515642,-7.138570772428497,-7.138570772428497
-6.374391731480035,-6.555276250944111,-7.098230722539516,-7.098230722539516,-5.939182583976757,-6.52812956157252,-7.049943027353453,-7.346433172074569,-6.895243568786862,-7.462049842676311,-7.857580231468107,-7.857580231468107,-6.899670280191897,-6.857133845673589,-6.857133845673589,-7.189001028874491,-6.432387240805696,-6.265724231021422,-7.126791524180182,-7.591541310391067,-6.1040742789951015,-7.267362660828423,-7.762273542298098,-7.762273542298098,-5.946454221814497,-6.294262899636582,-6.720713628904733,-7.055202796969662,-6.501249238278194,-6.8892211662838205,-6.8892211662838205,-7.418818294354224,-5.937712588075291,-5.8783408807889685,-5.8783408807889685,-6.419108578779907
-5.084759759574666,-6.262083988646944,-6.262083988646944,-6.262083988646944,-6.448613478252457,-6.198333710078571,-6.831272621804655,-6.831272621804655,-6.222282471083853,-6.95194472979813,-7.220346840833766,-7.220346840833766,-6.741078032439763,-6.356372039763538,-6.982757485578565,-6.982757485578565,-6.559603226243832,-6.847426487817715,-7.271164977359497,-7.271164977359497,-6.058290853342964,-6.13733272230295,-7.1040251663698735,-7.551645750222081,-6.1472562539344375,-7.06590185861622,-7.06590185861622,-7.631021478613784,-5.960380227398716,-7.491266397510639,-7.538755246637571,-7.538755246637571,-7.884284121105947,-6.19914386184735,-6.19914386184735,-6.753309624463082
-6.769638900541354,-6.804003071651913,-7.165411227542096,-7.165411227542096,-6.385996710801177,-6.428301501016543,-7.096608558569527,-7.096608558569527,-6.949004475156396,-6.417509317613926,-6.417509317613926,-6.417509317613926,-6.048393148177171,-6.0236625040540375,-6.639433959059261,-7.125012946875385,-6.229354299038363,-6.214893722147638,-6.802980482173558,-6.802980482173558,-5.443457068728602,-7.14678571853809,-7.550681853980022,-7.726656940871854,-7.102453853463909,-6.628529791066328,-7.025271626751556,-7.025271626751556,-6.833278801157368,-7.516807841515932,-7.578563766920314,-7.649988462627085,-6.697625790919308,-5.1818841481518465,-6.913866807475419,-6.913866807475419
-6.625818051010154,-5.839000236065097,-5.839000236065097,-6.992307776218965,-6.797319782628631,-6.524902899014992,-7.344576834566251,-7.344576834566251,-6.946889510704937,-5.301300238125464,-6.123174250513301,-6.645094642773461,-5.905087204604931,-6.584448502943427,-6.939547181575705,-7.258520219499175,-6.344058712717707,-6.490593048153971,-7.590241236537309,-7.702621677552058,-6.100642534964475,-5.92007258619622,-7.0897612796379725,-7.375950258119396,-6.10524738316501,-6.686983814857246,-7.047112425912743,-7.337957053117353,-7.793398131525639,-6.783469730238076,-7.24599994761767,-7.530221780761794,-7.551823527050894,-6.485378766290021,-7.100654945724199,-7.100654945724199
-5.602526837959254,-6.685525247053767,-6.685525247053767,-7.051416240251117,-6.966207442099821,-6.389404731140374,-6.389404731140374,-6.389404731140374,-6.31528311059237,-5.8567390309443,-6.918694973757518,-7.269069594942437,-4.937947817734407,-6.125979302733383,-6.851139946073259,-6.851139946073259,-6.183362979127015,-7.149715115985277,-7.430551840779813,-7.430551840779813,-6.724348599744635,-6.459925475941063,-6.854586421609777,-6.854586421609777,-6.828961258692619,-6.407315963383609,-7.613507461834478,-7.7496393634485,-6.234793860479206,-6.161948221974639,-7.152766302313624,-7.4539218512691505,-6.836179571331897,-7.068727387164546,-7.068727387164546,-7.068727387164546
-5.812802267256327,-6.27135675346691,-6.27135675346691,-6.27135675346691,-7.088714712047105,-6.686818306235894,-6.686818306235894,-6.686818306235894,-6.764744153907735,-6.496907964522976,-6.496907964522976,-7.062870376495565,-5.794268929540055,-5.950296102801845,-6.574967627589513,-7.071872310581775,-5.396675225412025,-6.418673456159362,-6.897705469331637,-6.897705469331637,-6.433084464157581,-6.803366764483258,-6.803366764483258,-7.434649287925353,-6.85038438003617,-6.565658787007642,-6.565658787007642,-7.148023289551997,-6.977779742719094,-7.476499388270344,-7.510833492734573,-7.774162516436148,-7.409577109398597,-6.687770522794773,-6.687770522794773,-7.355409492806668
-5.754944926282286,-6.681432041009558,-6.681432041009558,-6.681432041009558,-5.96534621110875,-6.293619197013614,-6.293619197013614,-6.293619197013614,-6.760708647913521,-6.631964032113224,-7.0880365659571805,-7.0880365659571805,-6.153437999315852,-6.134344544851427,-6.747586571838645,-7.78058242490237,-5.818503651818704,-6.639806708289868,-6.639806708289868,-7.089690816222367,-6.260563824316994,-6.3712911171167,-6.8203685279995145,-7.146091540176801,-6.646244725348729,-5.86102425869958,-6.790222521274353,-6.790222521274353,-6.946662428132862,-6.621410212286551,-7.557819830148662,-7.709411349064827,-7.4388736217873035,-6.760679246827332,-6.997783660975234,-6.997783660975234
-7.110811472690884,-6.771770683860516,-6.771770683860516,-6.771770683860516,-5.944148337111178,-6.109766652027584,-6.753592559255374,-6.753592559255374,-6.188942803202171,-5.929560569868601,-6.831464355501851,-6.831464355501851,-5.942171489918682,-6.613471352764769,-6.986567330209509,-6.986567330209509,-6.29328085520032,-6.316244200953381,-6.792753355899547,-7.042439179400097,-6.387136722467833,-5.90454587175496,-6.437069549816742,-7.07174084226337,-5.940743471883429,-6.272342881818608,-7.11502336241182,-7.214141341971256,-6.856704188761257,-6.56777643270607,-6.927259257313618,-6.927259257313618,-7.747893113885203,-6.072302084211612,-7.482930569286989,-7.482930569286989
-6.60467070154624,-6.983636064806433,-6.983636064806433,-6.983636064806433,-6.22914758257057,-6.274946869476528,-6.274946869476528,-6.82944624983678,-6.995354637653819,-6.011514281904312,-6.011514281904312,-6.61584550836217,-4.943210610417946,-5.887509153806966,-6.488404942708991,-6.488404942708991,-6.058762877401404,-6.994045841490786,-7.280491873560695,-7.280491873560695,-6.411423558427975,-6.324897184479824,-7.389449641508725,-7.413734859847469,-7.308189173448061,-6.543633565523816,-6.92941317893385,-6.92941317893385,-6.615377008072503,-5.443688628427456,-6.223733807440981,-6.738029782788743,-6.9494464656490695,-7.487464888627846,-7.7956616814913176,-7.7956616814913176
-5.950469162605032,-6.174065848614493,-6.844441003332538,-7.204546112854911,-6.513647349517759,-6.582504102961103,-6.582504102961103,-6.582504102961103,-7.003736406942309,-6.920136753559092,-6.920136753559092,-6.920136753559092,-6.042387461030254,-6.229629441234579,-6.847134746358225,-7.341810612219585,-6.095881782293844,-6.490641763933779,-6.490641763933779,-6.905463624983099,-6.619137947916048,-6.431963346107761,-7.123594439454342,-7.671846789196648,-6.17171899479526,-6.124345301107622,-7.077403123181618,-7.361455661094475,-7.1656372454778445,-6.546827300764052,-6.546827300764052,-6.891391901788582,-7.589431262583769,-5.846037978900634,-5.846037978900634,-6.726511299666557
-6.690475533476069,-6.353011153231304,-7.370724342672744,-7.370724342672744,-6.6205089014426255,-6.976716661886403,-7.361002980461361,-7.361002980461361,-7.218388064776352,-6.550391801486862,-6.550391801486862,-7.023904505105827,-6.136580556713334,-6.40827075252476,-7.1141539508742255,-7.1141539508742255,-5.43678889302805,-7.232379433448584,-7.277795514851403,-7.560710184269828,-6.477954917961398,-6.369999513463219,-6.847627604635991,-7.155877328480826,-7.236728937438034,-5.802477926311356,-6.874623104915763,-6.874623104915763,-6.637086242102183,-6.626072526869391,-6.626072526869391,-7.338233192798989,-6.910753296036756,-7.698719749458498,-7.698719749458498,-7.698719749458498
-6.500601601994566,-6.454144711105204,-6.454144711105204,-6.454144711105204,-7.477243895734254,-6.072157447937764,-6.768869219343472,-6.768869219343472,-7.332319966953803,-6.741223751124594,-7.207651511933806,-7.207651511933806,-6.884429310058623,-7.106632690254739,-7.106632690254739,-7.444662684306047,-5.3830666009440655,-7.140371271110209,-7.403577466469576,-7.444260617764504,-6.940139472149234,-6.550479956714122,-7.279241632338257,-7.4867568505381,-6.592523412192821,-6.8603030717055855,-6.8603030717055855,-7.215617160980952,-7.327200044030644,-6.51842984003373,-6.51842984003373,-6.884287245700376,-7.70695061391838,-7.087360249444872,-7.087360249444872,-7.087360249444872
-5.772372016410344,-6.784472941848685,-6.784472941848685,-6.784472941848685,-6.167536043982397,-6.115424914172962,-6.771619065064767,-6.771619065064767,-6.643747933269348,-6.083912446660565,-6.701757726151222,-6.701757726151222,-6.287149456619841,-7.116793926855738,-7.272049124592971,-7.31517894520944,-6.694045172981997,-6.619966585736041,-6.994204582788818,-6.994204582788818,-5.965804822027613,-6.37180101517132,-6.761095937678931,-6.761095937678931,-5.822837652974245,-6.340289877015507,-6.340289877015507,-6.771540038006666,-6.262157130847006,-6.646447064846875,-6.9836040407253135,-6.9836040407253135,-6.935748994046464,-6.258735322985793,-6.258735322985793,-6.258735322985793
-6.550952735457945,-6.716032028846531,-6.716032028846531,-6.716032028846531,-6.99984783289479,-6.919005046080994,-6.919005046080994,-6.919005046080994,-6.802745180010064,-6.579476624481524,-6.579476624481524,-6.579476624481524,-5.828011663508134,-6.846856976872797,-6.846856976872797,-7.1840731840147765,-6.107756161329785,-6.147145306575185,-6.67775365745165,-6.67775365745165,-6.629501756542718,-6.620415395186875,-6.620415395186875,-7.072554049642392,-6.552942123131844,-6.486144432651457,-7.380402896674546,-7.380402896674546,-6.987055161048892,-6.006042029975775,-6.544776544977951,-6.544776544977951,-7.416374615957148,-5.80277405763689,-5.80277405763689,-6.3479885562726635
-6.8547964613883865,-6.790544426086535,-6.790544426086535,-6.790544426086535,-6.020669933825343,-6.927502902201749,-6.927502902201749,-6.927502902201749,-6.578454181656868,-6.357650921726536,-7.027197666270497,-7.027197666270497,-6.420242566056983,-6.196289928455801,-6.809656803314016,-7.194558086499567,-6.04631427159511,-6.7168626508009615,-7.1389975720476,-7.409049314368314,-6.727198085840337,-6.6186457657466535,-7.235370603551095,-7.4430028727702435,-6.275517303895341,-6.9236008047877,-7.375694921417552,-7.375694921417552,-7.450418679238878,-6.486933093619574,-6.872444931741894,-6.872444931741894,-5.4545303172622805,-7.491420563208235,-7.693939008632078,-7.693939008632078
-5.773634679471793,-6.381518074143052,-6.381518074143052,-6.381518074143052,-5.824262063148965,-6.24131782369683,-7.332051957178599,-7.332051957178599,-6.561478629465085,-6.521407465488867,-7.223997300207541,-7.620631114870482,-6.010553544879784,-6.658291729233813,-6.658291729233813,-7.36128400101438,-5.3313668572686375,-6.357619208459815,-7.256764090883372,-7.256764090883372,-6.567438972019993,-7.051818608289594,-7.365695957167621,-7.418432460730416,-5.349533918448898,-7.653634319715002,-7.653634319715002,-7.653634319715002,-6.475450885003711,-6.738878620375262,-7.459725291291822,-7.636561835054117,-7.038733279128222,-5.144007305391694,-6.403973779765163,-6.403973779765163
-6.11988293028576,-6.516631329642701,-6.516631329642701,-6.516631329642701,-6.532504922687675,-6.958581555294371,-7.242257719466845,-7.779079047691853,-7.271730758035492,-6.576460960350938,-7.41631191104433,-7.447090596916143,-6.124108273708316,-6.571008499232211,-6.571008499232211,-7.051532074378923,-6.396730995653584,-6.426069096093394,-6.426069096093394,-6.856876031906894,-6.026053915946091,-6.156793373426025,-7.392048967050037,-7.784870069176355,-7.252332193919381,-7.420273159933011,-7.803639946936663,-7.803639946936663,-6.751772269906736,-6.397003882513591,-7.377156935111766,-7.613318631310344,-7.538038109936696,-7.74644677480439,-7.790038200016295,-7.790038200016295
-6.498867612122435,-6.7816610075184105,-7.1522083711054165,-7.1522083711054165,-6.144554093241957,-6.525880230882022,-6.525880230882022,-6.525880230882022,-7.290487282011297,-6.691858728935018,-7.104755170102486,-7.104755170102486,-6.200225911383321,-6.466479022352267,-6.466479022352267,-7.290285860887338,-6.71918411195975,-6.707960736719459,-7.107057703796308,-7.472660378956808,-6.532601625164892,-6.13154896762281,-6.639336240906459,-7.388290597703271,-6.944726520331753,-6.787217680611649,-7.731215839368364,-7.863024247384982,-6.949850095027904,-6.479431417211422,-7.405322428277842,-7.405322428277842,-7.7231658053870555,-6.659536896841124,-7.252314678039696,-7.252314678039696
-6.46816539768376,-6.68236019796492,-6.68236019796492,-6.68236019796492,-6.7309962519074364,-6.687052960812064,-6.687052960812064,-6.687052960812064,-6.54958622586321,-6.445733756012592,-6.445733756012592,-6.445733756012592,-5.980500913216948,-6.689230544574217,-6.689230544574217,-6.689230544574217,-6.318206020388297,-6.948952092861557,-7.677192726802234,-7.773762055575588,-5.8148604061145805,-6.450666996089726,-6.805059247534805,-7.349087706611993,-6.67738011628977,-6.657723842650928,-7.008699294470182,-7.4839589897391825,-5.306733310371859,-6.023511271488067,-6.530821412045084,-6.924859849601662,-7.744957414930232,-6.659320490852249,-6.659320490852249,-7.019705140902973
-5.726650375902697,-6.7042553237859135,-6.7042553237859135,-6.7042553237859135,-6.3614186239387,-6.374382700503203,-6.374382700503203,-7.094410555303307,-7.11278954989487,-7.107711416629735,-7.771574292671348,-7.803417906979582,-6.017315543031806,-6.912960053974201,-6.912960053974201,-7.265850917576639,-6.213073173471781,-6.364332579479525,-6.820953716619692,-6.820953716619692,-6.0721803312735325,-5.932891635452286,-7.633232915301921,-7.819074847513228,-6.511247549944926,-6.861828315810897,-6.861828315810897,-6.861828315810897,-6.904666106977819,-6.03404023317115,-7.483661964201516,-7.593226386847117,-7.433935219668861,-6.484085052779342,-6.484085052779342,-6.866769128364421
-6.322945613492052,-6.592183380717241,-6.592183380717241,-6.592183380717241,-6.511387349814555,-6.173159266981371,-6.748870478374997,-6.748870478374997,-7.121786939536584,-6.584224802162977,-7.0078434595222525,-7.354421950557904,-6.4499937264580565,-6.469617006703112,-7.211687293246811,-7.211687293246811,-5.986879579552978,-6.27420339646325,-6.636626905096672,-6.636626905096672,-5.929103141881884,-6.439346840641843,-6.439346840641843,-6.878512739190711,-6.111834014664189,-6.000583046697493,-6.895577121897823,-7.211961462996649,-6.763236902008696,-6.406715533393307,-6.406715533393307,-7.096835212768959,-7.095101012610185,-7.573144215943223,-7.573144215943223,-7.573144215943223
-5.915680782998081,-6.010461121206904,-6.010461121206904,-7.018587909619005,-6.396854255140691,-6.219093119140138,-6.967727077747098,-6.967727077747098,-7.200557475496519,-6.290100475562603,-6.855190033365614,-6.855190033365614,-5.812768124835542,-6.664564509698487,-6.664564509698487,-7.045725968599175,-6.756827886786859,-7.120869721519899,-7.35838850970508,-7.35838850970508,-6.051465186179764,-5.97059420450037,-6.523187208899051,-7.131594292077046,-6.651082324580922,-7.00564713157824,-7.00564713157824,-7.00564713157824,-6.791403226669818,-6.07440210202062,-6.549554722554732,-7.287652116076999,-7.019236773930964,-5.179736848239558,-5.179736848239558,-6.384855637831018
-6.260891020298158,-6.480163473837863,-6.480163473837863,-6.480163473837863,-6.518646699844539,-6.598875158431509,-7.215965818662706,-7.215965818662706,-6.561096422722648,-6.453093985699274,-6.453093985699274,-6.453093985699274,-6.029973053676939,-6.847994945657048,-6.847994945657048,-6.847994945657048,-6.935563059408742,-6.264481973906628,-7.1260330654911375,-7.1260330654911375,-6.130634946371703,-6.18687977924056,-6.576272742695494,-7.224534360918055,-5.854411712761418,-6.013970193488412,-6.5187280613977325,-6.5187280613977325,-6.4788691071225015,-6.798185482517923,-6.798185482517923,-7.07768239405337,-7.0616750618279465,-5.917913095990746,-7.3856046654846805,-7.3856046654846805
-5.296019654761341,-6.125699598296062,-6.702933348533569,-6.702933348533569,-6.345901181201912,-6.627717795501972,-6.627717795501972,-6.627717795501972,-7.232274300141203,-6.454807054747445,-6.838581588775054,-6.838581588775054,-7.027995878543468,-6.676384243114589,-7.1200600165218,-7.1200600165218,-6.008823555099418,-6.395343087071329,-6.886694244272952,-7.180663293928743,-5.555522901965842,-7.090921882938833,-7.370750952759083,-7.370750952759083,-6.885958290699697,-6.146174671353367,-6.733217225234642,-6.733217225234642,-5.496701067166434,-6.807762778453073,-6.807762778453073,-6.807762778453073,-6.464322584854533,-6.385662453514728,-7.5288169757170875,-7.5288169757170875
-6.186360426090991,-6.440126942067932,-6.440126942067932,-6.440126942067932,-6.148016826481818,-6.281846446513728,-6.281846446513728,-6.895852548777885,-6.7762846916776045,-6.529354979942454,-6.529354979942454,-6.963945509981257,-5.902062524015603,-6.8971233786536414,-6.8971233786536414,-7.266140927275828,-6.508921848369613,-6.947215870127778,-6.947215870127778,-6.947215870127778,-6.501632948189607,-6.907515876015241,-7.43147171