Sectioning,NGS,UNGS,NV,Sectioning.1,NGS.1,UNGS.1,NV.1,Sectioning.1.1,NGS.1.1,UNGS.1.1,NV.1.1,Sectioning.1.1.1,NGS.1.1.1,UNGS.1.1.1,NV.1.1.1,Sectioning.1.1.1.1,NGS.1.1.1.1,UNGS.1.1.1.1,NV.1.1.1.1,Sectioning.1.1.1.1.1,NGS.1.1.1.1.1,UNGS.1.1.1.1.1,NV.1.1.1.1.1,Sectioning.1.1.1.1.1.1,NGS.1.1.1.1.1.1,UNGS.1.1.1.1.1.1,NV.1.1.1.1.1.1,Sectioning.1.1.1.1.1.1.1,NGS.1.1.1.1.1.1.1,UNGS.1.1.1.1.1.1.1,NV.1.1.1.1.1.1.1,Sectioning,NGS,UNGS,NV
-9.356539417740583,-7.469295317725533,-7.469295317725533,-7.469295317725533,-8.408653009116946,-6.810345944675076,-6.810345944675076,-6.810345944675076,-7.580840511667715,-7.655182615053629,-7.655182615053629,-7.655182615053629,-7.276731344469343,-7.09238447069511,-7.09238447069511,-7.09238447069511,-6.684579777210895,-7.485083388067037,-7.485083388067037,-7.485083388067037,-7.06575349501021,-6.935700807465436,-6.935700807465436,-7.435351604669986,-7.066672577079185,-7.016386672225366,-7.016386672225366,-7.016386672225366,-7.08416810529068,-7.1029863823415145,-7.1029863823415145,-7.1029863823415145,-6.930703980134814,-6.932486076921235,-6.932486076921235,-6.932486076921235
-8.6577769497142,-8.546968679026921,-8.546968679026921,-8.546968679026921,-7.017178189583119,-6.746707982173152,-6.746707982173152,-6.746707982173152,-7.681648455341971,-7.719075564569152,-7.719075564569152,-7.719075564569152,-7.542645238995785,-7.418254630709866,-7.418254630709866,-7.418254630709866,-6.86899621108288,-6.854641041399375,-6.854641041399375,-6.854641041399375,-7.012343341340628,-7.085187815747014,-7.085187815747014,-7.085187815747014,-6.318845033706507,-6.437845070843668,-6.437845070843668,-6.437845070843668,-6.6293622480839085,-6.610084535021339,-6.610084535021339,-6.610084535021339,-6.429874003632385,-7.3185980060484725,-7.3185980060484725,-7.3185980060484725
-8.241813967256897,-8.235247831559516,-8.235247831559516,-8.235247831559516,-7.228112223791514,-7.688635896438037,-7.688635896438037,-7.688635896438037,-6.694016494037375,-7.577438349408757,-7.577438349408757,-7.7485886586327375,-7.128618034015835,-7.401254214087508,-7.401254214087508,-7.401254214087508,-6.442351854781729,-6.468427941580346,-6.468427941580346,-6.468427941580346,-6.827955874002072,-7.139046063864244,-7.139046063864244,-7.506188612266087,-7.322406017433227,-7.322406017433227,-7.322406017433227,-7.322406017433227,-6.239883507785164,-6.14762236494883,-6.14762236494883,-7.203491111281661,-7.757150265036968,-6.989178792290565,-6.989178792290565,-7.445237722988167
-8.10869998371551,-7.953733062208148,-7.953733062208148,-7.953733062208148,-7.605767462265751,-8.395736297353348,-8.395736297353348,-8.395736297353348,-7.297539285559448,-7.636411743979641,-7.636411743979641,-7.636411743979641,-7.264674268022002,-7.800190545728007,-7.800190545728007,-7.800190545728007,-6.5178883046012,-6.458567425473197,-6.458567425473197,-7.332427086992178,-6.759422981769408,-6.831331225523705,-6.831331225523705,-6.831331225523705,-6.7461025083266914,-6.901248505229978,-6.901248505229978,-6.901248505229978,-7.538211225183636,-6.827291661034849,-6.827291661034849,-7.748082658248716,-7.6914300012792784,-6.135374462691336,-6.135374462691336,-6.135374462691336
-7.742948205846138,-8.45419246172553,-8.45419246172553,-8.45419246172553,-7.411685547456802,-8.366584576565742,-8.366584576565742,-8.366584576565742,-7.268843842022231,-7.422688581107536,-7.422688581107536,-7.422688581107536,-7.138266236366546,-7.516268923243489,-7.516268923243489,-7.516268923243489,-7.004965587145951,-7.44206156023843,-7.44206156023843,-7.44206156023843,-6.613890001685071,-6.464494156629662,-6.464494156629662,-7.851478105187976,-6.839858716827374,-6.809927737303135,-6.809927737303135,-6.809927737303135,-7.135193090977493,-7.319307890492544,-7.319307890492544,-7.319307890492544,-7.557927098184383,-7.3878837732683875,-7.3878837732683875,-7.3878837732683875
-7.971359740020705,-8.043619678680468,-8.043619678680468,-8.043619678680468,-7.55728558130084,-7.407459481358955,-7.407459481358955,-7.407459481358955,-7.741556138040186,-6.818437368952834,-6.818437368952834,-7.164061005199893,-7.702515269773399,-7.348681609440446,-7.348681609440446,-7.348681609440446,-7.393602201776109,-6.955443571046391,-6.955443571046391,-6.955443571046391,-6.511932238878537,-6.945168396598322,-6.945168396598322,-7.369386355388816,-7.14052688876424,-7.346297550463651,-7.346297550463651,-7.346297550463651,-6.490175372825743,-6.753978508083868,-6.753978508083868,-6.753978508083868,-7.946452362180883,-7.946452362180889,-7.139400946827945,-8.009713026444246
-7.965252985971189,-8.039431194569735,-8.039431194569735,-8.039431194569735,-7.575639285968313,-7.515305757455367,-7.515305757455367,-7.515305757455367,-7.030094012502151,-7.15340968050914,-7.15340968050914,-7.15340968050914,-7.753206734796826,-7.228328151630301,-7.228328151630301,-7.7866048902078,-7.07429771307475,-7.114354624258286,-7.114354624258286,-7.114354624258286,-7.489596496971991,-7.167256119719065,-7.167256119719065,-7.167256119719065,-6.949871021133833,-6.820919973493808,-6.820919973493808,-6.820919973493808,-6.87145521776819,-6.923941361155631,-6.923941361155631,-6.923941361155631,-7.289289516454947,-6.5984467657499195,-6.5984467657499195,-6.5984467657499195
-8.005868932179258,-8.815477877657326,-8.815477877657326,-8.815477877657326,-7.572702611373074,-7.7723314017928065,-7.7723314017928065,-7.7723314017928065,-7.861886664311061,-7.499710194875017,-7.499710194875017,-7.499710194875017,-8.027076969602644,-8.064472033441312,-8.064472033441312,-8.064472033441312,-7.057754234616858,-7.315566705573751,-7.315566705573751,-7.315566705573751,-6.861665081052856,-7.140908797235348,-6.589948935261832,-7.594196224031297,-7.551077851388677,-7.302845043027853,-7.302845043027853,-7.302845043027853,-7.161516511623836,-7.03889759503326,-7.03889759503326,-7.88841886737587,-6.61352358488362,-6.608224219587344,-6.608224219587344,-7.723239882106226
-8.435460060914377,-8.239772898069473,-8.239772898069473,-8.239772898069473,-7.563970550973786,-7.007053683545029,-7.007053683545029,-7.007053683545029,-6.787447959797809,-7.056411760046492,-7.056411760046492,-7.056411760046492,-7.526333174340415,-6.955762821833411,-6.955762821833411,-6.955762821833411,-7.452016967003166,-7.601707597401953,-7.601707597401953,-7.601707597401953,-6.698688404033419,-6.745964801720129,-6.745964801720129,-7.661406197801363,-6.943656725138569,-6.91664154218908,-6.91664154218908,-6.91664154218908,-6.681036124456484,-6.706455838097587,-6.706455838097587,-7.652511039343789,-7.375520784888776,-6.7658231600687255,-6.7658231600687255,-7.638680549224801
-7.965880585519276,-7.994296632453111,-7.994296632453111,-7.994296632453111,-8.049323807305841,-7.420840263664367,-7.420840263664367,-7.420840263664367,-7.506601554850164,-7.104453848128023,-7.104453848128023,-7.104453848128023,-6.973329076874529,-6.709788027420779,-6.709788027420779,-7.165986208469739,-7.01368712228986,-7.026899962273368,-7.026899962273368,-7.026899962273368,-6.795125457840444,-6.555892705364185,-6.555892705364185,-7.196130322019366,-6.820811614211952,-6.893414084883309,-6.893414084883309,-7.428805651124589,-7.042895669246838,-6.842565518756403,-6.842565518756403,-7.431947718905011,-7.5662253773411905,-6.987906978431729,-6.987906978431729,-7.566225377341192
-6.887746621426309,-7.828268821144068,-7.828268821144068,-7.828268821144068,-6.572229654596123,-7.977553644427935,-7.977553644427935,-7.977553644427935,-7.32628527043245,-7.015273225063984,-7.015273225063984,-7.015273225063984,-7.210318371058103,-6.936669883983278,-6.936669883983278,-6.936669883983278,-7.021309665807611,-6.857954596775925,-6.857954596775925,-7.686660033778944,-7.237373751391406,-7.369562798109859,-7.369562798109859,-7.369562798109859,-6.280456520845601,-6.276335995457541,-6.276335995457541,-6.276335995457541,-6.576564658493599,-6.576820266290114,-6.576820266290114,-6.576820266290114,-7.328080908732684,-6.176224296680757,-6.176224296680757,-7.701913112575578
-7.789928625972557,-8.359840401587626,-8.359840401587626,-8.359840401587626,-7.60167994108358,-7.879535024802523,-7.879535024802523,-7.879535024802523,-7.0839905044492495,-7.193917555381671,-7.193917555381671,-7.193917555381671,-7.38214458754768,-7.639532971480301,-7.639532971480301,-7.639532971480301,-6.993661996639023,-7.009374660859872,-7.009374660859872,-7.009374660859872,-7.400236250593979,-6.849317431927689,-6.849317431927689,-7.815981933639945,-7.844176970142763,-7.1790937199426175,-7.1790937199426175,-7.950301063102208,-7.557025392877563,-7.5268140538002895,-7.5268140538002895,-7.5268140538002895,-7.955764067460845,-7.678115847605266,-6.782102387583438,-7.678115847605266
-8.52065050927523,-7.37457904205063,-7.37457904205063,-7.37457904205063,-8.273359971365272,-7.754410373002842,-7.754410373002842,-7.754410373002842,-6.994113022980442,-7.183013763638169,-7.183013763638169,-7.183013763638169,-7.568367519616261,-7.105986229114134,-7.105986229114134,-7.105986229114134,-6.932948878038738,-6.909255267993325,-6.909255267993325,-7.62572340576823,-7.2959063759498735,-7.205399143294491,-7.205399143294491,-7.835971944639652,-6.981360270824961,-6.784318519955853,-6.784318519955853,-6.784318519955853,-6.575222424526104,-6.593291192107949,-6.593291192107949,-7.504489385850747,-7.678484123335321,-6.5870013720393565,-6.5870013720393565,-7.677364460820702
-7.319674934310072,-8.131939482869564,-8.131939482869564,-8.131939482869564,-7.508966732343099,-8.083154711746609,-8.083154711746609,-8.083154711746609,-7.637971843078713,-8.034754208573785,-8.034754208573785,-8.034754208573785,-7.008649310922647,-7.458484373380851,-7.458484373380851,-7.458484373380851,-7.495414638072976,-7.398337298060644,-7.398337298060644,-7.398337298060644,-7.146021491801252,-7.066224815222791,-7.066224815222791,-7.066224815222791,-6.952523251706555,-6.901080476176849,-6.901080476176849,-6.901080476176849,-6.947371680651733,-6.997458528695391,-6.997458528695391,-7.648616887952768,-6.7972591460512355,-7.724921074262932,-7.724921074262932,-7.724921074262932
-8.069058912445724,-8.195906716948638,-8.195906716948638,-8.195906716948638,-7.719101128146018,-7.494793791471386,-7.494793791471386,-7.494793791471386,-7.141489549907867,-6.925032064240383,-6.925032064240383,-6.925032064240383,-6.904561274417837,-7.351809628815708,-7.351809628815708,-7.351809628815708,-7.345358465904916,-7.153403381042671,-7.153403381042671,-7.153403381042671,-7.047344860663608,-7.461201044980764,-7.461201044980764,-7.588777365064926,-7.015321141032619,-7.274174700677776,-7.274174700677776,-7.645493092417822,-7.224665222088934,-7.079612479604348,-7.079612479604348,-7.079612479604348,-6.822336570814871,-6.82233657081487,-6.82233657081487,-6.82233657081487
-7.946007964783529,-8.618366799426537,-8.618366799426537,-8.618366799426537,-7.581014722307188,-7.261682066095085,-7.261682066095085,-7.5227864775064,-7.379410233436531,-7.41047073298204,-7.41047073298204,-7.41047073298204,-8.031232447751389,-7.044381619775423,-7.044381619775423,-7.444753332038588,-6.831956441353542,-7.396632125642058,-7.396632125642058,-7.396632125642058,-7.469426468262437,-7.416625798405186,-7.416625798405186,-7.416625798405186,-7.185963797771035,-7.32886816151255,-6.799912033262068,-7.581214377495601,-6.729386145061205,-6.5600255707584285,-6.5600255707584285,-6.5600255707584285,-7.965851295267021,-7.2809640903689505,-7.2809640903689505,-7.82177420454363
-7.8427729143300144,-8.255547908897306,-8.255547908897306,-8.255547908897306,-8.071176116336815,-7.377130851402803,-7.377130851402803,-7.629357064198702,-7.157670180020274,-7.804125011555129,-7.804125011555129,-7.804125011555129,-7.450507251287104,-7.278657791757372,-7.278657791757372,-7.278657791757372,-7.3166134461418,-7.598554099898146,-7.598554099898146,-7.598554099898146,-7.16866522223252,-7.145821487474756,-7.145821487474756,-7.145821487474756,-6.629578247893543,-6.629041388193976,-6.629041388193976,-6.629041388193976,-6.739173212196976,-6.430981195138405,-6.430981195138405,-7.683481730834814,-7.173333316725088,-8.006581090457699,-8.006581090457699,-8.006581090457699
-8.531936031665618,-8.746106928597293,-8.746106928597293,-8.746106928597293,-7.578340095981423,-7.933964042144451,-7.933964042144451,-7.933964042144451,-7.552691755456625,-7.560966987667359,-7.560966987667359,-7.560966987667359,-6.97402762440408,-6.322879747314451,-6.322879747314451,-7.266850269472407,-7.29585749779821,-7.026438818051284,-6.440894197930669,-7.263696575610459,-7.399895109363081,-7.551684333250902,-7.551684333250902,-7.551684333250902,-7.208779419120609,-7.167379849107321,-7.167379849107321,-7.580944111931926,-6.630930175681318,-7.3580463376221665,-6.723669296993323,-6.723669296993323,-7.5896928945941085,-7.589692894594109,-7.589692894594109,-7.589692894594109
-7.833539416291779,-7.793681672817113,-7.793681672817113,-7.793681672817113,-6.5673294132018105,-7.961400987359313,-7.961400987359313,-7.961400987359313,-7.450694014642412,-7.435276897125933,-7.435276897125933,-7.435276897125933,-7.13147647289627,-7.015255559176824,-7.015255559176824,-7.015255559176824,-7.086522776543305,-6.920415674226302,-6.920415674226302,-6.920415674226302,-7.174649338285975,-6.863191545122568,-6.863191545122568,-6.863191545122568,-7.098871349599033,-7.072968307552429,-7.072968307552429,-7.072968307552429,-6.896694991849686,-6.9139432415444,-6.9139432415444,-6.9139432415444,-7.747823180424065,-7.042484013964412,-7.042484013964412,-7.042484013964412
-8.138745785651235,-7.9904992396371695,-7.9904992396371695,-7.9904992396371695,-7.994788687669331,-7.632674268891112,-7.632674268891112,-7.632674268891112,-7.4803589795774865,-7.828628812269947,-7.828628812269947,-7.828628812269947,-7.255544908843593,-6.937999350066068,-6.937999350066068,-6.937999350066068,-7.076179089949559,-7.09612796920905,-7.09612796920905,-7.09612796920905,-6.686821221672618,-6.698292502455665,-6.698292502455665,-7.346287129003761,-6.841322215062685,-6.846801702390718,-6.846801702390718,-6.846801702390718,-7.908905618010381,-7.593299105789205,-7.593299105789205,-7.86524289513121,-6.593967485934552,-7.776588134979878,-6.567770199436742,-7.776588134979878
-7.514839531870153,-8.047427597133247,-8.047427597133247,-8.047427597133247,-7.60038234923332,-7.87771487368567,-7.87771487368567,-7.87771487368567,-7.770825419994649,-7.294702989671568,-7.294702989671568,-7.294702989671568,-6.884712534065982,-6.674913772668456,-6.674913772668456,-6.674913772668456,-7.487604723042645,-7.409978181379649,-7.409978181379649,-7.409978181379649,-6.941510559061928,-7.176422230608448,-7.176422230608448,-7.445566490696237,-7.317604204231238,-7.597493434080512,-7.597493434080512,-8.042067462992879,-7.066207517920578,-7.145628171249609,-7.145628171249609,-7.145628171249609,-6.788350066445199,-6.842991844061963,-6.842991844061963,-6.842991844061963
-7.6303213295437615,-7.840459849776884,-7.840459849776884,-7.840459849776884,-8.210646463116985,-7.688835788035423,-7.688835788035423,-7.688835788035423,-6.687308589162544,-7.881114907049223,-7.881114907049223,-7.881114907049223,-7.296549386805882,-7.332287116908037,-7.332287116908037,-7.332287116908037,-6.9430598845613805,-7.336561493333189,-7.336561493333189,-7.336561493333189,-7.051595698494935,-7.322235898526225,-7.322235898526225,-7.322235898526225,-6.867755062938777,-6.944695760862893,-6.944695760862893,-6.944695760862893,-7.3688120508213615,-6.930889641390366,-6.930889641390366,-7.379216236783965,-6.60783536290626,-6.603214019018049,-6.603214019018049,-7.302394036695683
-7.798026429129992,-8.725978808857034,-8.725978808857034,-8.725978808857034,-7.965339341342688,-7.856764654880731,-7.856764654880731,-7.856764654880731,-7.316677535197829,-7.783202879697656,-7.783202879697656,-7.783202879697656,-7.493941350565462,-7.37165472726523,-7.37165472726523,-7.37165472726523,-7.792576063614064,-7.30950061949752,-7.30950061949752,-7.30950061949752,-6.621713001744983,-6.681163567414412,-6.681163567414412,-6.681163567414412,-7.1602606615400255,-7.1738674572654,-7.1738674572654,-7.1738674572654,-7.746506964487082,-6.969045512459146,-6.969045512459146,-6.969045512459146,-7.424310840873937,-6.540548051871224,-6.540548051871224,-7.149781951574267
-8.439076625182077,-8.252614704244186,-8.252614704244186,-8.252614704244186,-7.63012902194993,-7.878246460357755,-7.878246460357755,-7.878246460357755,-7.370049507521029,-7.165406628699071,-7.165406628699071,-7.165406628699071,-7.342882900114879,-7.375763340906253,-7.375763340906253,-7.375763340906253,-6.903393691222833,-7.220777241791211,-7.220777241791211,-7.220777241791211,-7.026022986052099,-7.385151039426674,-7.385151039426674,-7.385151039426674,-7.128952769338754,-7.168441428045253,-7.168441428045253,-7.168441428045253,-6.458039731268684,-6.611324866177696,-6.611324866177696,-6.611324866177696,-7.672461670326227,-7.026886292560338,-7.026886292560338,-7.026886292560338
-8.727677576334806,-7.858827988573195,-7.858827988573195,-7.858827988573195,-7.582658411304276,-7.675837210314516,-7.675837210314516,-7.675837210314516,-7.490517853274492,-7.626934684894701,-7.626934684894701,-7.626934684894701,-7.33688253567353,-7.4554476534047796,-7.4554476534047796,-7.4554476534047796,-6.465505932994947,-6.87355480130134,-6.87355480130134,-6.87355480130134,-6.823696203045122,-7.43124791069703,-7.43124791069703,-7.43124791069703,-7.359852205041832,-6.47268263695599,-6.47268263695599,-6.47268263695599,-7.221022663490444,-7.249418334135713,-7.249418334135713,-7.249418334135713,-7.619095681597016,-6.565931959399554,-6.565931959399554,-7.619170297416552
-8.315187875613818,-8.538110794546347,-8.538110794546347,-8.538110794546347,-7.382747142974633,-7.555865355468735,-7.555865355468735,-7.555865355468735,-7.929337612894805,-7.90797760412725,-7.90797760412725,-7.90797760412725,-6.955084773127312,-6.436752650984176,-6.436752650984176,-6.436752650984176,-7.1049992869586,-7.184496796479396,-7.184496796479396,-7.184496796479396,-7.267343144323255,-6.696266677298089,-6.696266677298089,-7.455738894729823,-8.001668471674561,-7.180446637928238,-7.180446637928238,-7.180446637928238,-6.938870937924747,-7.087230977110288,-7.087230977110288,-7.087230977110288,-6.825038170530424,-7.5279751119134275,-7.5279751119134275,-7.835053808456037
-5.890378435475229,-8.117104809896011,-8.117104809896011,-8.117104809896011,-7.525918795100052,-7.889104917753907,-7.889104917753907,-7.889104917753907,-7.468407670856341,-8.0885487930663,-8.0885487930663,-8.0885487930663,-7.075076429211089,-6.8161767504681166,-6.8161767504681166,-6.8161767504681166,-7.281671736209202,-6.928606970521191,-6.928606970521191,-6.928606970521191,-6.7849329068325,-6.568882970413742,-6.568882970413742,-7.038668846877876,-7.242543314485957,-7.923028475037621,-7.923028475037621,-7.923028475037621,-6.592109886879386,-6.592399677484612,-6.592399677484612,-6.592399677484612,-7.8951764230646475,-7.839482373768497,-7.839482373768497,-7.863325440705483
-8.315882284456544,-9.423794225544505,-9.423794225544505,-9.423794225544505,-7.820918354491797,-7.644415838107524,-7.644415838107524,-7.644415838107524,-7.587806011366579,-6.658160704543533,-6.658160704543533,-6.658160704543533,-7.500203580525048,-7.0198007281931805,-7.0198007281931805,-7.0198007281931805,-6.9948642200524205,-6.946881146195629,-6.946881146195629,-7.508993294080323,-7.006133090199,-7.045839856727948,-7.045839856727948,-7.045839856727948,-6.880667842457613,-6.399530478722989,-6.399530478722989,-6.399530478722989,-6.607181000453081,-6.655673294913915,-6.655673294913915,-7.595162641685665,-7.664100298674436,-6.987795277093413,-6.987795277093413,-6.987795277093413
-7.808278999870702,-7.909295666512615,-7.909295666512615,-7.909295666512615,-8.42191461585027,-7.006850745555669,-7.006850745555669,-7.006850745555669,-7.686668475334185,-7.4339481717952784,-7.4339481717952784,-7.4339481717952784,-7.453791660275711,-6.595205319017629,-6.595205319017629,-6.595205319017629,-6.833117574146712,-7.08114868900247,-7.08114868900247,-7.08114868900247,-7.241764529339646,-7.779803569677778,-7.779803569677778,-7.779803569677778,-7.058749479768252,-7.499126317502037,-7.499126317502037,-7.499126317502037,-6.898639459179197,-7.055967137540249,-7.055967137540249,-7.593086803759856,-7.705120827778154,-6.782145430622002,-6.782145430622002,-6.782145430622002
-7.277876899662588,-8.350348535171946,-8.350348535171946,-8.350348535171946,-7.158898904867748,-7.368991913689621,-7.368991913689621,-7.368991913689621,-6.540113966733218,-6.530202469821912,-6.530202469821912,-6.530202469821912,-7.578053632966731,-7.406617227262435,-7.406617227262435,-7.406617227262435,-7.042055306271738,-7.257594820917077,-7.257594820917077,-7.257594820917077,-6.5784217408967205,-7.044364364439852,-7.044364364439852,-7.044364364439852,-6.263500961830856,-6.266030664842119,-6.266030664842119,-6.266030664842119,-6.60301198742895,-7.57107854415726,-7.57107854415726,-7.6154558154439425,-7.158003180015973,-7.35355096755897,-7.35355096755897,-7.35355096755897
-7.9786468922344,-8.005912344705285,-8.005912344705285,-8.005912344705285,-6.958004012053898,-7.0292267961360135,-7.0292267961360135,-7.0292267961360135,-8.067178974494585,-7.754850664550732,-7.754850664550732,-7.754850664550732,-7.493911381894851,-7.681209140382979,-7.681209140382979,-7.681209140382979,-7.164692435931783,-7.135000997080593,-7.135000997080593,-7.135000997080593,-7.131111296316719,-7.206580021317663,-7.206580021317663,-7.206580021317663,-7.030524038693216,-7.131375456447893,-7.131375456447893,-7.131375456447893,-6.71068236313663,-6.71068236313663,-6.71068236313663,-6.71068236313663,-8.08232456543943,-6.839812227657882,-6.839812227657882,-8.081273518131809
-7.64590921841946,-8.220684775008495,-8.220684775008495,-8.220684775008495,-7.634278075699001,-7.671833060902904,-7.671833060902904,-7.671833060902904,-7.244993258355407,-7.059065874818879,-7.059065874818879,-7.059065874818879,-7.435237013387297,-6.975412129559147,-6.975412129559147,-6.975412129559147,-7.045833506484346,-7.099266114553437,-7.099266114553437,-7.826867049573154,-7.052534826019571,-7.029014785766937,-7.029014785766937,-7.452217490522258,-6.618479306073548,-6.866722795384325,-6.866722795384325,-6.866722795384325,-6.950944694493793,-7.014692507868878,-7.014692507868878,-7.014692507868878,-7.079233188181367,-7.047032607407161,-7.047032607407161,-7.047032607407161
-8.041651135100253,-7.445071526928856,-7.445071526928856,-7.445071526928856,-8.376681859256163,-7.313483504106855,-7.313483504106855,-7.313483504106855,-7.864201309676263,-7.59939796983272,-7.59939796983272,-7.59939796983272,-7.024975654344148,-6.833076669330924,-6.833076669330924,-7.051483661513421,-6.668971107516935,-7.280052820426607,-7.280052820426607,-7.280052820426607,-7.0106700659803485,-7.753320780970246,-7.753320780970246,-7.753320780970246,-6.48372233915787,-7.081698891329254,-7.081698891329254,-7.081698891329254,-7.617568513546763,-6.763848908646873,-6.763848908646873,-7.706926349026883,-7.888784463698047,-7.173116329925559,-7.173116329925559,-7.173116329925559
-8.913478601910196,-7.818722657671735,-7.818722657671735,-7.818722657671735,-8.321102962479578,-8.121456953942301,-8.121456953942301,-8.121456953942301,-7.242668637944373,-7.475368594317191,-7.475368594317191,-7.475368594317191,-7.4705807651659155,-7.279873745814536,-7.279873745814536,-7.279873745814536,-7.206053229853719,-6.831163168620535,-6.831163168620535,-6.831163168620535,-7.179488173625868,-6.972306656621964,-6.972306656621964,-6.972306656621964,-7.2906558969226944,-7.411602559598368,-7.411602559598368,-7.411602559598368,-6.58907903153575,-6.426792535023983,-6.426792535023983,-7.646749064768961,-7.72686809987392,-6.897952735891458,-6.897952735891458,-6.897952735891458
-7.746260461235495,-8.274836044527518,-8.274836044527518,-8.274836044527518,-7.295607309507036,-7.504075221547608,-7.504075221547608,-7.504075221547608,-7.704553138792255,-7.730073799816017,-7.730073799816017,-7.730073799816017,-7.318765161654442,-7.05009127551547,-7.05009127551547,-7.05009127551547,-7.194384511767421,-7.226538825754322,-7.226538825754322,-7.226538825754322,-7.053219471839016,-7.220197997378798,-7.220197997378798,-7.945884960373625,-7.245159425412968,-7.295038428089564,-7.295038428089564,-7.295038428089564,-7.279191498832404,-6.978687688472033,-6.978687688472033,-6.978687688472033,-6.901626310714069,-7.54150749548721,-7.54150749548721,-7.54150749548721
-8.21548191035342,-8.837906879804208,-8.837906879804208,-8.837906879804208,-8.431995629600197,-7.737153468810436,-7.737153468810436,-7.737153468810436,-7.605772209379848,-7.8618497847557425,-7.8618497847557425,-7.8618497847557425,-6.8847357112246605,-7.182608949467399,-7.182608949467399,-7.182608949467399,-7.018556615231685,-7.001113638250059,-7.001113638250059,-7.59576823768572,-7.32520910768789,-7.289145461788443,-7.289145461788443,-7.289145461788443,-6.808014470160077,-7.748276405460303,-6.808014470160077,-7.847461076605029,-6.418390761901843,-6.418390761901844,-6.418390761901844,-7.622860072279865,-6.385456636826119,-6.952018616899524,-6.952018616899524,-6.952018616899524
-8.800150545409753,-7.952533438549749,-7.952533438549749,-7.952533438549749,-8.067656126110075,-7.297788746879499,-7.297788746879499,-7.297788746879499,-7.192138266757491,-7.65364678844591,-7.65364678844591,-7.65364678844591,-7.188091866322268,-7.814073799249432,-7.814073799249432,-7.814073799249432,-6.62118539045588,-6.511699841642994,-6.511699841642994,-7.301702072354907,-7.041887538018476,-7.025003009063656,-7.025003009063656,-7.602304601007847,-6.709584809757472,-6.726332662854507,-6.726332662854507,-6.726332662854507,-6.981251431461805,-6.981251431461806,-6.981251431461806,-8.278509471458257,-7.248207567455256,-7.3264772016772515,-7.3264772016772515,-7.3264772016772515
-8.607387276180585,-7.524304630834633,-7.524304630834633,-7.524304630834633,-7.054200034900259,-7.288690173090046,-7.288690173090046,-7.288690173090046,-7.777319127083347,-8.101101730011472,-8.101101730011472,-8.101101730011472,-7.344612115162272,-7.405397402984813,-7.405397402984813,-7.405397402984813,-7.177826343480233,-7.540007924641769,-7.540007924641769,-7.540007924641769,-6.944992616649812,-6.90915560906844,-6.90915560906844,-6.90915560906844,-7.076608452761242,-6.938981585418166,-6.938981585418166,-7.705307800889869,-7.481039040538747,-6.759889868433566,-6.759889868433566,-6.759889868433566,-7.68260647770469,-6.8563603484969295,-6.8563603484969295,-6.8563603484969295
-8.284802470489948,-7.912402852283287,-7.912402852283287,-7.912402852283287,-7.53090645842769,-7.602833142104453,-7.602833142104453,-7.602833142104453,-7.069792191031782,-7.683372004265085,-7.683372004265085,-7.683372004265085,-7.029822482745407,-7.186910211139461,-7.186910211139461,-7.186910211139461,-6.8848537379501815,-7.161449175400209,-7.161449175400209,-7.161449175400209,-6.904388786824983,-7.484105458658775,-7.484105458658775,-7.484105458658775,-6.758296349784833,-6.728871135356485,-6.728871135356485,-7.661427041812645,-7.564401861411617,-6.789399151389849,-6.789399151389849,-6.789399151389849,-6.682295268228622,-7.392819015311822,-7.392819015311822,-7.392819015311822
-8.166351066748197,-8.347428705202105,-8.347428705202105,-8.347428705202105,-7.138340751458622,-7.046882545258287,-7.046882545258287,-7.211816362887409,-7.590237537338051,-7.49314362195332,-7.49314362195332,-7.49314362195332,-7.8540112775610815,-7.389554006940405,-7.389554006940405,-7.389554006940405,-7.093900301202845,-7.131298952698369,-7.131298952698369,-7.131298952698369,-6.953887415209492,-7.431988920604104,-7.431988920604104,-7.431988920604104,-6.831998202162785,-6.966339171633347,-6.966339171633347,-6.966339171633347,-6.728734032244617,-6.787283295771124,-6.787283295771124,-6.787283295771124,-8.023507685765587,-7.974434074975747,-7.974434074975747,-7.974434074975747
-7.725111214016181,-8.15677283655412,-8.15677283655412,-8.15677283655412,-7.757257055487752,-7.234504776196555,-7.234504776196555,-7.234504776196555,-7.580308746424299,-7.65461165665833,-7.65461165665833,-7.65461165665833,-7.105687662844917,-6.553848921253488,-6.553848921253488,-7.324412702979229,-6.869261530623554,-6.8645322471494,-6.8645322471494,-6.8645322471494,-6.884774506949361,-7.2990632816576335,-7.2990632816576335,-7.438152428151103,-7.107724478902739,-7.3039544872472355,-7.3039544872472355,-7.3039544872472355,-6.657052554314507,-7.132022411291587,-7.132022411291587,-7.132022411291587,-6.703644114584347,-6.676025710856624,-6.676025710856624,-6.676025710856624
-8.909047771203038,-8.809615867951539,-8.809615867951539,-8.809615867951539,-7.213251414755573,-7.199345232254066,-7.199345232254066,-7.199345232254066,-7.3692985862747795,-8.015715360592715,-8.015715360592715,-8.015715360592715,-7.611708081600959,-7.83161895810647,-7.83161895810647,-7.83161895810647,-7.010321934941104,-7.137477382126932,-7.137477382126932,-7.137477382126932,-6.481915722659183,-6.722463922709254,-6.722463922709254,-6.722463922709254,-6.689972313722168,-6.987299149805299,-6.987299149805299,-6.987299149805299,-7.126697665234963,-6.442945001815601,-6.442945001815601,-7.411902409744614,-7.917251680632845,-6.951565346312225,-6.951565346312225,-6.951565346312225
-8.609615249662653,-8.24335243630034,-8.24335243630034,-8.24335243630034,-7.8420806400033,-8.12649776727427,-8.12649776727427,-8.12649776727427,-7.450894255987905,-7.738112986517067,-7.738112986517067,-7.738112986517067,-7.084983162447004,-7.159396647902638,-7.159396647902638,-7.159396647902638,-6.837620199905162,-7.754127778102967,-7.754127778102967,-7.754127778102967,-7.041044782352789,-7.489188679474013,-7.489188679474013,-7.489188679474013,-7.356304074985327,-6.647944824704595,-6.647944824704595,-6.647944824704595,-6.693021931815658,-7.686260115630231,-7.686260115630231,-7.686260115630231,-7.787146954739327,-7.754095631031018,-7.754095631031018,-7.754095631031018
-8.483191645729264,-7.223543569941729,-7.223543569941729,-7.223543569941729,-7.360433129636529,-7.90502951579946,-7.90502951579946,-7.90502951579946,-7.007773217488071,-8.20007861122494,-8.20007861122494,-8.20007861122494,-7.34551905858939,-7.007471988326831,-7.007471988326831,-7.007471988326831,-6.5915823530865305,-7.215521496556976,-7.215521496556976,-7.215521496556976,-6.748056780488881,-6.749834825618649,-6.749834825618649,-6.749834825618649,-8.019366613338374,-7.323500270511525,-7.323500270511525,-7.627534255310764,-6.65401882919625,-6.661997300484496,-6.661997300484496,-7.5136284216747296,-6.782846893053122,-6.769766380039261,-6.769766380039261,-7.814606698382774
-8.53174918643127,-7.515387490575847,-7.515387490575847,-7.515387490575847,-7.533532067691333,-7.500510416666468,-7.500510416666468,-7.500510416666468,-7.226269721052308,-7.199391682388576,-7.199391682388576,-7.199391682388576,-6.984521118572824,-7.052294681821733,-7.052294681821733,-7.052294681821733,-6.904300873274605,-7.276005770686448,-7.276005770686448,-7.276005770686448,-7.198072849841403,-7.10437366907143,-7.10437366907143,-7.10437366907143,-6.675535297436864,-6.74722755040466,-6.74722755040466,-6.74722755040466,-6.983615248280963,-7.066743323317803,-7.066743323317803,-7.066743323317803,-7.819054304859261,-6.988399037817566,-6.988399037817566,-7.819054304859264
-8.571993888502146,-8.303366914790614,-8.303366914790614,-8.303366914790614,-7.462519975253633,-7.990902051520734,-7.990902051520734,-7.990902051520734,-7.428922645762434,-7.526458852977194,-7.526458852977194,-7.526458852977194,-6.998985354342233,-6.813155379921068,-6.813155379921068,-7.305702875386924,-6.862489702764388,-6.701622025459798,-6.701622025459798,-6.701622025459798,-6.714344207531002,-6.737344238376132,-6.737344238376132,-6.737344238376132,-6.991562562517892,-6.714961838595248,-6.714961838595248,-7.593169561744364,-6.845273581062348,-7.654291464613033,-7.654291464613033,-7.654291464613033,-7.387841045475573,-7.959506347342051,-7.959506347342051,-7.959506347342051
-7.903741994973288,-7.541286215340003,-7.541286215340003,-7.541286215340003,-7.693171397046853,-8.016694183684619,-8.016694183684619,-8.016694183684619,-7.799738170282773,-7.633446586217708,-7.633446586217708,-7.633446586217708,-6.8595740876526925,-7.505273306753032,-7.505273306753032,-7.505273306753032,-7.039215756097997,-7.292539314155944,-6.925724497864228,-7.292539314155944,-6.630954691864321,-6.610385340383738,-6.610385340383738,-6.610385340383738,-6.440978584746956,-6.164725703659139,-6.164725703659139,-6.164725703659139,-7.021561895797529,-6.8976296089068665,-6.8976296089068665,-6.8976296089068665,-7.788475660224288,-6.643516099359012,-6.643516099359012,-7.776996237047959
-8.032127749027481,-7.94629938424216,-7.94629938424216,-7.94629938424216,-8.037582419262472,-8.308616537450247,-8.308616537450247,-8.308616537450247,-8.094395405039016,-7.051589523659585,-7.051589523659585,-7.331114292979779,-7.554444407493464,-7.586082463920427,-7.586082463920427,-7.586082463920427,-7.65702756555771,-7.274568974223268,-7.274568974223268,-7.274568974223268,-6.958849393179335,-6.958649920153202,-6.958649920153202,-7.463380145478975,-6.876152350357655,-6.948247038556358,-6.948247038556358,-7.72787764819867,-7.574993684175428,-6.851529561933174,-6.851529561933174,-7.800761600152306,-7.190890061039006,-7.029235359359394,-7.029235359359394,-7.94456801239762
-7.92996698892795,-8.661427945669782,-8.661427945669782,-8.661427945669782,-6.881966951542139,-7.258859862659485,-7.258859862659485,-7.458316551125018,-7.025151410074258,-7.034973324188918,-7.034973324188918,-7.034973324188918,-7.258907112325048,-7.204106704788353,-7.204106704788353,-7.204106704788353,-6.86660778434888,-6.866762394262521,-6.866762394262521,-6.866762394262521,-6.979402552877247,-7.33018663973281,-7.33018663973281,-7.33018663973281,-7.136204675462411,-7.135452902436298,-7.135452902436298,-7.135452902436298,-7.949835355386718,-7.2914950058603,-7.2914950058603,-7.2914950058603,-6.968327568891259,-7.76815966430563,-7.76815966430563,-7.877506273066216
-8.279972791173687,-7.61671301870781,-7.61671301870781,-7.61671301870781,-7.953165321330006,-7.908772434645387,-7.908772434645387,-7.908772434645387,-7.318943767701576,-7.465458990197781,-7.465458990197781,-7.465458990197781,-7.078948287632247,-6.659020206643435,-6.659020206643435,-6.659020206643435,-7.212380114006349,-7.7303560034528225,-7.7303560034528225,-7.7303560034528225,-6.491071936086652,-6.506990186347336,-6.506990186347336,-6.506990186347336,-7.234601137125301,-7.157024001201098,-7.157024001201098,-7.157024001201098,-6.947613129396249,-6.781128621234016,-6.781128621234016,-7.32269170756668,-7.776428216691725,-7.776428216691723,-6.94840280994063,-7.776428216691723
-7.79413657193318,-8.830239950483675,-8.830239950483675,-8.830239950483675,-6.59106548650742,-6.492448964488082,-6.492448964488082,-6.492448964488082,-7.89422836143955,-6.946930849700487,-6.946930849700487,-6.946930849700487,-6.973925964331207,-6.643050454620547,-6.643050454620547,-7.337264807834295,-7.254920027731034,-8.021333412953183,-8.021333412953183,-8.021333412953183,-6.565973211838416,-7.580182004348189,-7.580182004348189,-7.580182004348189,-5.877617638748021,-5.8528873176781655,-5.8528873176781655,-5.8528873176781655,-6.8828958349357485,-6.690809048691518,-6.690809048691518,-6.690809048691518,-7.372728110098786,-6.701879024005166,-6.701879024005166,-6.701879024005166
-7.432854629194949,-7.462152232959466,-7.462152232959466,-7.462152232959466,-7.797950270875219,-6.977286522592529,-6.977286522592529,-6.977286522592529,-7.0228393465750685,-8.431086915652518,-8.431086915652518,-8.431086915652518,-7.578677193567966,-7.820510086126832,-7.820510086126832,-7.820510086126832,-6.770060905261465,-7.169793672490838,-7.169793672490838,-7.169793672490838,-7.098240967885023,-6.887308312241568,-6.887308312241568,-6.887308312241568,-5.894822217273136,-6.720615193548076,-6.720615193548076,-7.318110274706449,-6.822898783239297,-6.563057592594543,-6.563057592594543,-6.563057592594543,-7.742373301115224,-7.030063261314014,-7.030063261314014,-7.681324518190046
-7.94237562942014,-8.32382925928722,-8.32382925928722,-8.32382925928722,-7.659124837800539,-7.050254368110027,-7.050254368110027,-7.050254368110027,-7.690444762185489,-7.101157148417777,-7.101157148417777,-7.101157148417777,-6.371350926414528,-7.580067982618852,-7.580067982618852,-7.580067982618852,-7.433837157268818,-7.485617023753289,-7.485617023753289,-7.485617023753289,-7.148619811962588,-7.303842067547728,-7.303842067547728,-7.303842067547728,-7.321082456630471,-7.244441500937816,-7.244441500937816,-7.244441500937816,-6.589467758865724,-6.594246841778292,-6.594246841778292,-6.594246841778292,-7.7661989875863835,-7.618919840288754,-6.406109779251542,-7.743326358594212
-8.22922884932458,-7.404262984969402,-7.404262984969402,-7.404262984969402,-6.5933153414229615,-7.957899421186849,-7.957899421186849,-7.957899421186849,-7.450118115865839,-7.423062418159557,-7.423062418159557,-7.423062418159557,-7.795105518429519,-7.161883050494998,-7.161883050494998,-7.161883050494998,-7.005394249684485,-7.192059652572317,-7.192059652572317,-7.192059652572317,-6.388485014301607,-7.1777795389707,-7.1777795389707,-7.1777795389707,-6.942226105127751,-6.893673845947948,-6.893673845947948,-6.893673845947948,-7.022366928412271,-7.022999340123592,-7.022999340123592,-7.022999340123592,-7.476547482269359,-6.689531226035001,-6.689531226035001,-6.689531226035001
-7.945245648316942,-7.164356133404298,-7.164356133404298,-7.164356133404298,-7.983056727685636,-8.294378639324808,-8.294378639324808,-8.294378639324808,-7.392363948469087,-7.541374597674442,-7.541374597674442,-7.541374597674442,-7.5426331939979585,-7.345104752679297,-7.345104752679297,-7.345104752679297,-7.226301319541236,-7.035945620120593,-7.035945620120593,-7.035945620120593,-6.85457971083822,-6.658643098443554,-6.658643098443554,-7.900895798069016,-7.491019024758063,-6.418651321588765,-6.418651321588765,-6.418651321588765,-7.691758221929122,-7.16108748976125,-7.16108748976125,-7.16108748976125,-7.6023184651676665,-6.767100812007423,-6.767100812007423,-7.568839520405972
-8.05408268848382,-7.477791872819477,-7.477791872819477,-7.477791872819477,-7.570590500076243,-7.443398385246031,-7.443398385246031,-7.443398385246031,-6.991906119632125,-7.227641442901008,-7.227641442901008,-7.227641442901008,-6.732712886891619,-7.736627090676215,-7.736627090676215,-7.736627090676215,-7.147113020606855,-6.852551878957715,-6.852551878957715,-6.852551878957715,-6.712827057284846,-6.790109843540355,-6.790109843540355,-6.790109843540355,-6.851367340604519,-6.545079391678526,-6.545079391678526,-7.591793369539471,-7.79484351531495,-7.487816695447872,-7.487816695447872,-7.715199350858402,-7.770168163498433,-7.004122713137009,-7.004122713137009,-7.46990253342894
-8.405294894842086,-8.451420070018752,-8.451420070018752,-8.451420070018752,-8.313120175071862,-7.6482324042146015,-7.6482324042146015,-7.6482324042146015,-6.796583485529181,-7.087943249325737,-7.087943249325737,-7.087943249325737,-6.864029657506768,-7.410754939637992,-7.410754939637992,-7.410754939637992,-6.953633358523661,-6.840277205818958,-6.840277205818958,-6.840277205818958,-7.299161691010172,-7.013941117840113,-7.013941117840113,-7.013941117840113,-7.171498982086162,-6.937668476122885,-6.937668476122885,-6.937668476122885,-6.983974259600995,-6.779397860509631,-6.779397860509631,-6.779397860509631,-7.977640774748584,-7.398759084784254,-7.398759084784254,-7.398759084784254
-7.881675344729891,-8.27958743230856,-8.27958743230856,-8.27958743230856,-7.753342359720331,-7.309452075604786,-7.309452075604786,-7.309452075604786,-7.31776980741518,-7.414450859407234,-7.414450859407234,-7.414450859407234,-7.464909730716091,-7.294460000819297,-7.294460000819297,-7.294460000819297,-7.155367521801542,-7.135912079006663,-7.135912079006663,-7.135912079006663,-7.060870479493277,-6.996541176624641,-6.996541176624641,-6.996541176624641,-6.939733361685778,-7.390677714847326,-6.790440263391703,-7.58446785904716,-6.936663705799354,-6.953613280065931,-6.953613280065931,-6.953613280065931,-8.107463104397137,-7.079469666925823,-7.079469666925823,-7.719505106280931
-8.198403719412513,-8.093185175122812,-8.093185175122812,-8.093185175122812,-7.117404433163617,-7.50397320210903,-7.50397320210903,-7.50397320210903,-7.438163920649639,-7.595958613420228,-7.595958613420228,-7.595958613420228,-7.18644870352829,-7.310713049860462,-7.310713049860462,-7.310713049860462,-6.910872367962783,-7.26086838278294,-7.26086838278294,-7.26086838278294,-6.877556174608284,-6.899541963558134,-6.899541963558134,-6.899541963558134,-6.675508225411035,-6.944460901795209,-6.944460901795209,-6.944460901795209,-6.802120495114824,-6.751172566082585,-6.751172566082585,-6.751172566082585,-7.4104905044562255,-6.806244922347787,-6.806244922347787,-6.806244922347787
-8.77765921502903,-7.90233563301623,-7.90233563301623,-7.90233563301623,-6.800872612593458,-7.932297079237833,-7.932297079237833,-7.932297079237833,-7.263509890137874,-7.730015300789923,-7.730015300789923,-7.730015300789923,-7.407018019060316,-7.0549388963427,-7.0549388963427,-7.0549388963427,-7.083019074227372,-7.211383884445373,-7.211383884445373,-7.211383884445373,-6.74284441231956,-6.74284441231956,-6.74284441231956,-7.701372580338635,-7.3173966751671955,-7.265213125222627,-7.265213125222627,-7.265213125222627,-7.33708912905582,-6.618148840587635,-6.618148840587635,-6.618148840587635,-7.793516179791495,-6.483226368060015,-6.483226368060015,-7.8192534012572645
-7.862102101595343,-7.170577706339156,-7.170577706339156,-7.170577706339156,-7.725520172788405,-7.261845329692528,-7.261845329692528,-7.261845329692528,-6.9645009227376,-7.232771110159373,-7.232771110159373,-7.232771110159373,-7.011883292905372,-7.254519830670688,-7.254519830670688,-7.254519830670688,-7.158497157566222,-7.263122252213072,-7.263122252213072,-7.263122252213072,-7.137116438800311,-6.789874304305565,-6.789874304305565,-6.789874304305565,-6.719801738758066,-7.019685057406727,-7.019685057406727,-7.019685057406727,-6.45957597524055,-6.375285281112619,-6.375285281112619,-6.375285281112619,-7.2447460242293165,-7.3039248401354575,-7.3039248401354575,-7.3039248401354575
-7.914599911534244,-8.77286998794286,-8.77286998794286,-8.77286998794286,-7.879444138735,-7.782664264657841,-7.782664264657841,-7.782664264657841,-6.762509611714799,-7.175866796965179,-7.175866796965179,-7.175866796965179,-7.079255497858503,-7.549945709260154,-7.549945709260154,-7.665716027532317,-7.530646527130605,-7.055673336614908,-7.055673336614908,-7.055673336614908,-6.278118041447171,-6.194349870012974,-6.194349870012974,-6.194349870012974,-7.022518372960734,-6.995983480412482,-6.995983480412482,-6.995983480412482,-6.529577388475579,-6.569642239851284,-6.569642239851284,-6.569642239851284,-7.804507707776896,-6.837369603553469,-6.837369603553469,-6.837369603553469
-8.15430159479172,-8.440742448990623,-8.440742448990623,-8.440742448990623,-8.513332591300655,-7.606225404726301,-7.606225404726301,-7.606225404726301,-7.817431329928001,-7.476565220338393,-7.476565220338393,-7.476565220338393,-6.8079849067263565,-7.7122897966427875,-7.7122897966427875,-7.7122897966427875,-6.374762332036799,-7.366099082505462,-7.366099082505462,-7.366099082505462,-6.918040870203452,-6.730457328844758,-6.730457328844758,-7.095321701868892,-7.0037797830238215,-6.891262904932333,-6.891262904932333,-7.774575439524829,-6.950604498211811,-6.859828223684486,-6.859828223684486,-7.703850893756661,-7.741556740652402,-7.694206468404397,-7.694206468404397,-7.694206468404397
-8.464919955711146,-8.055853436516024,-8.055853436516024,-8.055853436516024,-7.566980101157637,-7.343589044536197,-7.343589044536197,-7.343589044536197,-7.325352941834749,-7.125326540615516,-7.125326540615516,-7.2530274241954436,-7.390973928413865,-7.142781091291573,-7.142781091291573,-7.142781091291573,-6.881685715850606,-7.184854388464693,-7.184854388464693,-7.184854388464693,-6.829270251437869,-7.07083067971443,-7.07083067971443,-7.07083067971443,-6.865904735078322,-6.664475362771245,-6.664475362771245,-6.664475362771245,-7.312154838447392,-7.336856962669569,-7.336856962669569,-7.336856962669569,-6.84286098021756,-6.850322366029564,-6.850322366029564,-6.850322366029564
-8.139673552133521,-6.847426168889347,-6.847426168889347,-6.847426168889347,-7.738170990339813,-8.112142997626597,-8.112142997626597,-8.112142997626597,-7.07739981734353,-7.668626272166183,-7.668626272166183,-7.668626272166183,-7.6914066496057725,-7.234338217757894,-7.234338217757894,-7.234338217757894,-6.99703120393311,-6.644595213932456,-6.644595213932456,-6.644595213932456,-6.930469292485723,-6.840646194316024,-6.840646194316024,-7.760009994428081,-6.920516012559348,-6.908580155663463,-6.908580155663463,-7.632028828124636,-7.428879181155896,-7.276826321445846,-7.276826321445846,-7.276826321445846,-7.890673825839934,-7.15973270284034,-7.15973270284034,-7.15973270284034
-7.698794468729178,-7.756209680325488,-7.756209680325488,-7.756209680325488,-7.194634973193242,-8.12073678101404,-8.12073678101404,-8.12073678101404,-7.421357637713233,-7.614458564275309,-7.614458564275309,-7.614458564275309,-7.495550336184684,-7.394156860119998,-7.394156860119998,-7.394156860119998,-6.9691247589224,-7.084375653628188,-7.084375653628188,-7.084375653628188,-7.571454322227435,-7.610890384870143,-7.610890384870143,-8.274270664022314,-7.116827027984598,-7.276663019779158,-7.276663019779158,-7.276663019779158,-7.252622314327709,-6.978954026005868,-6.978954026005868,-6.978954026005868,-7.664741208435937,-7.562501874282255,-6.640699812558901,-7.605318140871422
-8.453771879472152,-8.246006112116895,-8.246006112116895,-8.246006112116895,-7.659216932359286,-7.991659479665805,-7.991659479665805,-7.991659479665805,-7.558933168508134,-7.776625269505029,-7.776625269505029,-7.776625269505029,-7.429402519114092,-7.367833799363227,-7.367833799363227,-7.367833799363227,-7.028153955421617,-6.855304690683715,-6.855304690683715,-6.855304690683715,-7.314746908877849,-7.0386289406917175,-7.0386289406917175,-7.432238695522506,-7.414348680227736,-7.1634337657646405,-7.1634337657646405,-7.1634337657646405,-8.07515680723707,-7.300672704263096,-7.300672704263096,-7.300672704263096,-7.617362421114247,-7.302346388909191,-7.302346388909191,-7.302346388909191
-8.008208709538003,-8.778289288062712,-8.778289288062712,-8.778289288062712,-7.541953628928226,-8.202179303762941,-8.202179303762941,-8.202179303762941,-8.07915422271154,-7.622243709301816,-7.622243709301816,-7.622243709301816,-7.449267045690412,-7.473880781099457,-7.473880781099457,-7.473880781099457,-7.279831836399377,-7.220253971203588,-7.220253971203588,-7.220253971203588,-7.028500414140593,-7.281382372582654,-7.281382372582654,-7.281382372582654,-6.438010338133999,-7.174785918009874,-7.174785918009874,-7.174785918009874,-7.108565320869151,-7.038522184983275,-7.038522184983275,-7.78822076439011,-7.524763249519175,-7.245982152589229,-6.310906194498257,-7.490970223616224
-7.528152356100478,-8.5234510828012,-8.5234510828012,-8.5234510828012,-7.312292848465915,-8.198401667043562,-8.198401667043562,-8.198401667043562,-7.718736381940201,-7.234931167765806,-7.234931167765806,-7.234931167765806,-6.8859842500957855,-7.410386704263369,-7.410386704263369,-7.410386704263369,-6.94405377977163,-6.9064119395305,-6.9064119395305,-6.9064119395305,-7.103785506207526,-6.856550852075058,-6.856550852075058,-6.856550852075058,-6.980793465797534,-7.05369879415084,-7.05369879415084,-7.05369879415084,-7.042092685180764,-6.808790221044739,-6.808790221044739,-6.808790221044739,-7.528120713416732,-6.546507768337978,-6.546507768337978,-7.384862432523528
-8.679291671082352,-7.853427906528108,-7.853427906528108,-7.853427906528108,-7.589000098414615,-8.04180626932386,-8.04180626932386,-8.04180626932386,-7.721161714571936,-8.121375559085863,-8.121375559085863,-8.121375559085863,-7.229607807124559,-6.939769666854883,-6.939769666854883,-6.939769666854883,-7.0806424216475445,-7.340769151109002,-7.340769151109002,-7.340769151109002,-7.021548510301916,-7.090156630748412,-7.090156630748412,-8.049187516092205,-6.839134713628052,-6.759069355955335,-6.759069355955335,-6.759069355955335,-6.882731963108446,-6.838765676647485,-6.838765676647485,-6.838765676647485,-7.583536018844695,-6.7884310340216185,-6.7884310340216185,-6.7884310340216185
-8.66400715420177,-6.889873684998295,-6.889873684998295,-6.889873684998295,-7.367931705960792,-7.302970468290733,-7.302970468290733,-7.302970468290733,-7.35080904329512,-7.704339720990896,-7.704339720990896,-7.704339720990896,-7.044901646527742,-7.49347874432787,-7.49347874432787,-7.49347874432787,-7.689408657103769,-7.024084020665513,-7.024084020665513,-7.024084020665513,-6.949032328136433,-7.0138419475052896,-7.0138419475052896,-7.724598485670024,-6.88723410458902,-7.212053141237993,-7.212053141237993,-7.212053141237993,-6.597492980030163,-6.533557361668368,-6.533557361668368,-7.7967097425523315,-7.804834673340865,-6.545742637742279,-6.545742637742279,-7.804834673340865
-7.772187388173988,-8.652437233995691,-8.652437233995691,-8.652437233995691,-7.137726006147732,-7.497964051864505,-7.497964051864505,-7.497964051864505,-7.313651978670796,-7.171782264417274,-7.171782264417274,-7.171782264417274,-6.27110962780559,-6.790741051911554,-6.790741051911554,-6.790741051911554,-6.801710010783772,-7.1399164370078,-7.1399164370078,-7.1399164370078,-7.259151071401472,-7.110729884781278,-7.110729884781278,-7.110729884781278,-7.153655902588409,-7.214538047534997,-7.214538047534997,-7.214538047534997,-7.541463105663238,-7.164307982547326,-7.164307982547326,-7.164307982547326,-7.7204474698827426,-6.611403586724733,-6.611403586724733,-7.702882735474871
-8.199260009631235,-7.414475549740946,-7.414475549740946,-7.414475549740946,-7.640211250110459,-7.279281487900863,-7.279281487900863,-7.279281487900863,-7.556630504345508,-7.202718197988779,-7.202718197988779,-7.202718197988779,-7.055136900388388,-6.890414386038671,-6.890414386038671,-6.890414386038671,-7.749800076647328,-7.027894688795915,-7.027894688795915,-7.027894688795915,-6.934849392433619,-6.860719238263192,-6.860719238263192,-7.706730691822038,-6.6185003215269615,-6.941287042187734,-6.941287042187734,-6.941287042187734,-7.27218145264943,-7.392465655809639,-7.392465655809639,-7.392465655809639,-7.462832855593939,-6.863006704654597,-6.863006704654597,-6.863006704654597
-7.676943212344259,-7.908482623109796,-7.908482623109796,-7.908482623109796,-7.955948948278067,-7.9971472855470385,-7.9971472855470385,-7.9971472855470385,-7.294526283188131,-7.549213349156691,-7.549213349156691,-7.549213349156691,-7.501720428277481,-7.508414411333118,-7.508414411333118,-7.508414411333118,-7.500580498902947,-7.047316165316941,-7.047316165316941,-7.64427469288383,-7.189701252844464,-6.910358476983947,-6.910358476983947,-6.910358476983947,-7.039893531268215,-6.788192109772829,-6.788192109772829,-6.788192109772829,-7.062005587832998,-7.268263196187209,-7.268263196187209,-7.268263196187209,-6.68304433298302,-6.660516659736032,-6.660516659736032,-7.564263541025721
-7.109534944587535,-7.910332476322779,-7.910332476322779,-7.910332476322779,-7.809961723146863,-7.570403737225204,-7.570403737225204,-7.570403737225204,-7.46840193666372,-6.615337512172655,-6.615337512172655,-7.277881407220761,-7.36420008452648,-7.275941780179725,-7.275941780179725,-7.275941780179725,-7.112162359423969,-7.410913150415237,-7.410913150415237,-7.410913150415237,-6.921452217645849,-6.904868638943504,-6.904868638943504,-6.904868638943504,-7.277560318399946,-7.114481954754451,-7.114481954754451,-7.114481954754451,-7.133817053521501,-7.082961048005531,-7.082961048005531,-7.082961048005531,-7.750918974720927,-7.742845736743835,-7.742845736743835,-7.742845736743835
-8.714267279225167,-8.087716340826145,-8.087716340826145,-8.087716340826145,-6.932513821992595,-7.473641124747504,-7.473641124747504,-7.473641124747504,-7.294190274476658,-7.758265654839553,-7.758265654839553,-7.758265654839553,-6.581395457221612,-8.129420643141808,-8.129420643141808,-8.129420643141808,-7.267451457489196,-7.345689589264134,-7.345689589264134,-7.345689589264134,-6.783569445279909,-6.7192276405694775,-6.7192276405694775,-6.7192276405694775,-6.980371289447712,-6.902387888061561,-6.902387888061561,-6.902387888061561,-8.045539433093012,-6.612033161546762,-6.612033161546762,-6.612033161546762,-7.439020619023547,-6.862601263337416,-6.862601263337416,-6.862601263337416
-7.852229497248748,-8.269253204478824,-8.269253204478824,-8.269253204478824,-7.582313106567213,-7.595808517882981,-7.595808517882981,-7.595808517882981,-7.193239266123164,-6.784750932152013,-6.784750932152013,-6.784750932152013,-6.95138316836142,-7.189903920658281,-7.189903920658281,-7.189903920658281,-7.377796469326022,-7.895649542968675,-7.895649542968675,-7.895649542968675,-7.028952256022832,-7.023483210276249,-7.023483210276249,-8.053321707591127,-6.745935620391981,-6.745935620391982,-6.745935620391982,-7.496145667423651,-7.24512469724517,-6.453540073674533,-6.453540073674533,-7.409055852860755,-7.485785255834268,-7.488465968004754,-7.488465968004754,-7.488465968004754
-8.848547964506452,-8.722413434715392,-8.722413434715392,-8.722413434715392,-7.985508648935244,-7.987918536081422,-7.987918536081422,-7.987918536081422,-7.921554548627585,-7.45670005750856,-7.45670005750856,-7.45670005750856,-7.569831656029412,-7.22706148131709,-7.22706148131709,-7.22706148131709,-7.444731806136424,-7.467887554950526,-7.467887554950526,-7.467887554950526,-6.635156569367965,-7.134130428802043,-7.134130428802043,-7.134130428802043,-6.988997198722569,-7.024909748680744,-7.024909748680744,-7.024909748680744,-7.468513356036112,-6.628789770273053,-6.628789770273053,-7.194542468488354,-7.468858561233217,-6.669245996581539,-6.669245996581539,-7.904070746289661
-8.406485937898866,-8.517609477452043,-8.517609477452043,-8.517609477452043,-7.8592729690002,-7.863059122724323,-7.863059122724323,-7.863059122724323,-7.478555094579774,-6.8697350881976345,-6.444603928337644,-7.058531140200616,-7.492349963488799,-7.3848071734771,-7.3848071734771,-7.3848071734771,-7.278222311877152,-8.003520483749133,-8.003520483749133,-8.003520483749133,-7.638011768823032,-7.63702059618851,-7.63702059618851,-7.63702059618851,-6.622403323498624,-6.611220187138152,-6.611220187138152,-6.611220187138152,-6.828791122343844,-6.703300618997513,-6.703300618997513,-6.703300618997513,-6.355860487157142,-6.355860487157142,-6.355860487157142,-6.355860487157142
-8.455235835975559,-8.127671922163533,-8.127671922163533,-8.127671922163533,-7.7540468038455455,-7.393142156943464,-7.393142156943464,-7.393142156943464,-7.649417079710623,-6.965254073704411,-6.965254073704411,-7.263462252043414,-6.867364241208408,-6.852846595595238,-6.852846595595238,-6.852846595595238,-7.082423082220739,-7.4436854927183616,-7.4436854927183616,-7.4436854927183616,-6.503032687683177,-6.786201679735967,-6.786201679735967,-6.786201679735967,-6.961364855156785,-7.11941989253626,-7.11941989253626,-7.11941989253626,-6.6105459378436064,-6.572131924569587,-6.572131924569587,-7.612662768831157,-7.736566911434314,-7.723322688557575,-7.723322688557575,-7.723322688557575
-8.180491459344264,-7.763527861948188,-7.763527861948188,-7.763527861948188,-7.63142303499718,-7.047294498394317,-7.047294498394317,-7.047294498394317,-6.793563353946182,-7.677311777923526,-7.677311777923526,-7.677311777923526,-6.766473089045615,-7.458568530704723,-7.458568530704723,-7.458568530704723,-7.453682120496748,-7.07520161767369,-7.07520161767369,-7.07520161767369,-6.733794059923332,-6.569903878452207,-6.569903878452207,-6.569903878452207,-7.115898877034676,-7.260479022341547,-7.260479022341547,-7.260479022341547,-6.781967262448875,-6.752767745042108,-6.752767745042108,-7.676467154509596,-8.038887433912693,-8.034842276354102,-7.229678619331849,-8.034842276354102
-8.398525679042553,-8.463677180918808,-8.463677180918808,-8.463677180918808,-7.778314383343455,-7.442791760609138,-7.442791760609138,-7.442791760609138,-7.270681212775058,-7.561035781615228,-7.561035781615228,-7.561035781615228,-7.560511669774522,-7.259341190509995,-7.259341190509995,-7.259341190509995,-7.205403889564817,-7.230541305698529,-7.230541305698529,-7.230541305698529,-7.267219960870517,-7.3465733056841716,-6.723343474917341,-7.546480424294941,-7.049802241149889,-7.063285093431768,-7.063285093431768,-7.063285093431768,-6.568815985281374,-6.772094074346901,-6.772094074346901,-7.545831046907375,-6.8506941835574455,-6.607193948839128,-6.607193948839128,-6.607193948839128
-8.907478738122645,-8.30642646942592,-8.30642646942592,-8.30642646942592,-7.14015785971568,-7.639483774306769,-7.639483774306769,-7.639483774306769,-7.180381780925471,-7.078617077268055,-7.078617077268055,-7.078617077268055,-6.839462959988342,-7.016428410761313,-7.016428410761313,-7.016428410761313,-7.224239600075412,-7.068299434238513,-7.068299434238513,-7.68439868443011,-6.268627583767339,-6.617326652173152,-6.617326652173152,-7.596127414405112,-6.86070901386136,-6.890931256884468,-6.890931256884468,-6.890931256884468,-7.107452321877675,-7.746525746638326,-7.746525746638326,-7.961786611711057,-7.990792275322264,-7.2051713971293445,-7.2051713971293445,-7.958515439675981
-7.69583970403473,-8.110734043359939,-8.110734043359939,-8.110734043359939,-7.558859073258173,-7.495603652265494,-7.495603652265494,-7.495603652265494,-7.791054996733763,-8.456110070523046,-8.456110070523046,-8.456110070523046,-7.602862964512694,-7.561575672226472,-7.561575672226472,-7.561575672226472,-6.919361393026565,-6.809340998335453,-6.809340998335453,-6.809340998335453,-7.373753795867086,-7.314829826204136,-7.314829826204136,-7.314829826204136,-7.4408998377159055,-6.63018411418053,-6.63018411418053,-6.63018411418053,-6.927214550211277,-6.660525603285697,-6.660525603285697,-6.660525603285697,-7.922001391386825,-7.825023759548562,-6.730039266738115,-7.825023759548562
-7.695802813644663,-7.915427901176381,-7.915427901176381,-7.915427901176381,-7.018786513387731,-6.917391996962013,-6.917391996962013,-6.917391996962013,-8.073830139284146,-7.582568648504896,-7.455327334297917,-7.582568648504896,-7.346018002331536,-7.24740889354101,-7.24740889354101,-7.24740889354101,-6.7465661074608265,-6.995819674814088,-6.995819674814088,-6.995819674814088,-6.664832660455205,-6.885443643774705,-6.885443643774705,-6.885443643774705,-7.173949751878247,-7.183390264602146,-7.183390264602146,-7.743883708127439,-7.037477959570269,-7.083001324469233,-7.083001324469233,-7.843187776460086,-6.8333876422858015,-6.841868760563176,-6.841868760563176,-7.693957840526038
-8.846932447331817,-8.291955984364154,-8.291955984364154,-8.291955984364154,-8.072470849352541,-8.06744659113966,-8.06744659113966,-8.06744659113966,-7.373566777641993,-7.455031699841804,-7.455031699841804,-7.455031699841804,-7.08829858628017,-7.234041793944339,-7.234041793944339,-7.234041793944339,-6.870209719530429,-6.80699370254154,-6.80699370254154,-6.80699370254154,-6.734525287745857,-6.6160441627716615,-6.6160441627716615,-6.6160441627716615,-7.416154982122594,-7.478258341608856,-7.478258341608856,-7.478258341608856,-6.748328818198822,-6.729602521655823,-6.729602521655823,-7.4354396766120034,-7.481393498618044,-7.117827698474037,-7.117827698474037,-7.117827698474037
-8.117873723153771,-7.658771221015176,-7.658771221015176,-7.658771221015176,-8.102582554507034,-8.357647685376612,-8.357647685376612,-8.357647685376612,-7.506438077522634,-6.869951522180395,-6.869951522180395,-6.869951522180395,-7.22335524053226,-7.042313567205541,-7.042313567205541,-7.042313567205541,-7.258942157438717,-7.134133239639371,-7.134133239639371,-7.134133239639371,-6.371562462209736,-6.365210162433399,-6.365210162433399,-6.365210162433399,-6.647168999158948,-6.525508003264395,-6.525508003264395,-6.525508003264395,-6.912693615843421,-7.539035291303406,-7.539035291303406,-7.539035291303406,-7.133459958125588,-7.381227383136996,-6.512386673478374,-7.464974312100447
-7.857979526951411,-8.61611431805575,-8.61611431805575,-8.61611431805575,-7.691578765609911,-8.436874657845548,-8.436874657845548,-8.436874657845548,-7.665017651317702,-6.828267936667537,-6.828267936667537,-6.828267936667537,-7.505732192470117,-7.262416075685684,-7.262416075685684,-7.577977123989533,-6.875765908026059,-6.977228023760056,-6.977228023760056,-6.977228023760056,-7.174376165052965,-6.906041330767323,-6.906041330767323,-6.906041330767323,-7.170832718424568,-7.060145182362491,-7.060145182362491,-7.060145182362491,-7.017575556850897,-6.713862883714619,-6.713862883714619,-6.713862883714619,-6.8984825447307525,-6.911030921069845,-6.911030921069845,-6.911030921069845
-7.25585538535698,-7.771127166700355,-7.771127166700355,-7.771127166700355,-7.512756560419039,-7.161097223533841,-7.161097223533841,-7.161097223533841,-7.500148104912476,-7.3396453738,-7.3396453738,-7.3396453738,-7.239070919364908,-6.81867998048802,-6.81867998048802,-6.81867998048802,-6.885316091475488,-6.455280720928318,-6.455280720928318,-6.455280720928318,-6.837880621058626,-6.849795368799637,-6.849795368799637,-6.849795368799637,-6.911020141555461,-6.89992617320029,-6.89992617320029,-6.89992617320029,-7.014862612580231,-6.928718164554827,-6.928718164554827,-6.928718164554827,-7.407675516327313,-7.407675516327314,-7.407675516327314,-7.407675516327314
-7.810581339497576,-7.785538392844465,-7.785538392844465,-7.785538392844465,-8.097609593850425,-8.09336297753648,-8.09336297753648,-8.09336297753648,-8.014515614122192,-7.663849685823756,-7.663849685823756,-7.663849685823756,-6.5186610118918695,-6.523061293039663,-6.523061293039663,-7.16335556982473,-6.993423930813376,-6.809578199673593,-6.809578199673593,-7.444813428746338,-7.24811598550334,-7.360136227668083,-6.931788395552391,-7.67834098505285,-7.203336653571046,-7.267832084352414,-7.267832084352414,-7.267832084352414,-7.614305660113663,-6.497017026431569,-6.497017026431569,-6.497017026431569,-6.837493539042956,-6.755784887211988,-6.755784887211988,-7.444507375704186
-7.308421027460018,-7.677021291228475,-7.677021291228475,-7.677021291228475,-8.196406336639422,-7.926893913734252,-7.926893913734252,-7.926893913734252,-7.757514656546798,-7.692195956774936,-7.692195956774936,-7.692195956774936,-7.034963688640981,-7.2661886522689345,-7.2661886522689345,-7.2661886522689345,-6.919224912000556,-6.975383193326298,-6.975383193326298,-6.975383193326298,-7.365085207599312,-7.262715612781163,-7.262715612781163,-7.262715612781163,-7.147288108398609,-7.059835949085613,-7.059835949085613,-7.059835949085613,-6.855838237807717,-6.913921319495708,-6.913921319495708,-6.913921319495708,-7.761575828595513,-7.053447345841038,-7.053447345841038,-7.053447345841038
-8.585118821629171,-8.24141307134855,-8.24141307134855,-8.24141307134855,-7.892117793182148,-7.439040181424474,-7.439040181424474,-7.439040181424474,-7.911180402780657,-7.557817131575319,-7.557817131575319,-7.557817131575319,-7.142489229031521,-7.089060159745018,-7.089060159745018,-7.089060159745018,-7.003544428478711,-6.894654591039313,-6.894654591039313,-6.894654591039313,-7.247191691266675,-6.623742674637164,-6.623742674637164,-6.623742674637164,-7.021427983318755,-7.304433302355092,-7.304433302355092,-7.304433302355092,-7.478090213860137,-7.849642838801484,-7.849642838801484,-7.849642838801484,-7.676545727033199,-6.922278516660807,-6.922278516660807,-6.922278516660807
-7.865219053447706,-8.469531405696024,-8.469531405696024,-8.469531405696024,-7.561908761215266,-7.521912585679667,-7.521912585679667,-7.521912585679667,-7.710329579445106,-7.562727775801513,-7.562727775801513,-7.562727775801513,-7.299453439950697,-6.920560923234806,-6.920560923234806,-6.920560923234806,-7.1147506310026944,-7.186001817268655,-7.186001817268655,-7.186001817268655,-6.625455817809101,-6.55430589632936,-6.55430589632936,-7.704076338814566,-6.8533777287521325,-6.982395501836974,-6.982395501836974,-6.982395501836974,-6.782316143346851,-7.012728751340128,-7.012728751340128,-7.012728751340128,-7.103716847929421,-7.651289126441544,-7.025331010700805,-7.782050740055963
-8.0238739367964,-8.236759250064788,-8.236759250064788,-8.236759250064788,-8.408166753191157,-8.252837401977906,-8.252837401977906,-8.252837401977906,-7.631287716469156,-6.958967659807815,-6.958967659807815,-6.958967659807815,-7.667040112928698,-6.752005791438044,-6.752005791438044,-6.752005791438044,-6.871078264159216,-7.47634834324254,-7.47634834324254,-7.47634834324254,-6.907673347233409,-6.889028672284296,-6.889028672284296,-6.889028672284296,-7.625943078688381,-7.023727416532495,-7.023727416532495,-7.023727416532495,-7.064920661564303,-6.966195484486271,-6.966195484486271,-7.735265725338133,-7.6187777006378585,-7.083403007997048,-7.083403007997048,-7.083403007997048
-7.626380036710065,-8.256263012192406,-8.256263012192406,-8.256263012192406,-7.37849532948206,-7.396968418366234,-7.396968418366234,-7.68207412719474,-6.632958069834293,-7.176217518943224,-7.176217518943224,-7.176217518943224,-7.50864556884452,-7.428485795178025,-7.428485795178025,-7.428485795178025,-6.971578305569045,-7.2582133791992,-7.2582133791992,-7.443475734606037,-6.670434709117307,-7.395759785915189,-7.395759785915189,-7.395759785915189,-7.573126755126047,-7.073467980651568,-7.073467980651568,-7.457555916355202,-6.717164769470188,-6.847646337107748,-6.847646337107748,-6.847646337107748,-7.812635049210688,-6.5494215364197705,-6.5494215364197705,-7.793162840847632
-6.995750296339269,-8.349559502926521,-8.349559502926521,-8.349559502926521,-8.147044276540669,-7.517956462977912,-7.517956462977912,-7.517956462977912,-7.149690908899525,-8.146775492371924,-8.146775492371924,-8.146775492371924,-7.5642216427634255,-7.124272527059205,-7.124272527059205,-7.124272527059205,-7.299030376057805,-7.51893818078969,-7.51893818078969,-7.51893818078969,-7.109053153959925,-6.854418900071693,-6.854418900071693,-7.588041765972154,-6.422044151581346,-6.423185706892644,-6.423185706892644,-6.423185706892644,-7.615059323801365,-7.0472024350203295,-7.0472024350203295,-7.0472024350203295,-7.865161825837073,-6.732064235069297,-6.732064235069297,-6.732064235069297
-8.153593834837539,-8.14019582478242,-8.14019582478242,-8.14019582478242,-7.528837474202182,-7.303662417762784,-7.303662417762784,-7.303662417762784,-7.21844298925962,-6.774959875079025,-6.774959875079025,-7.363779415234963,-7.542474143751825,-7.018354499398515,-7.018354499398515,-7.018354499398515,-6.85520443424322,-6.943622702016765,-6.943622702016765,-6.943622702016765,-7.2476339768526366,-7.056879979673413,-7.056879979673413,-7.683563479955486,-6.903973177296782,-6.9173529961880496,-6.9173529961880496,-6.9173529961880496,-6.415030728373125,-6.394722313000105,-6.394722313000105,-6.394722313000105,-6.580862160103177,-6.559623099132374,-6.559623099132374,-7.2255595176032665
-7.901691751339019,-7.634682658409599,-7.634682658409599,-7.634682658409599,-8.358533016651792,-7.070975580124204,-7.070975580124204,-7.070975580124204,-6.948264992660681,-7.347792984613964,-7.347792984613964,-7.347792984613964,-6.693657154748693,-7.098619656646054,-7.098619656646054,-7.098619656646054,-7.343323766007698,-7.250279350740502,-7.250279350740502,-7.250279350740502,-6.966213912243761,-7.061051262053435,-7.061051262053435,-7.674002334147498,-7.105267808948739,-7.293790072735621,-7.293790072735621,-7.293790072735621,-6.393601234163001,-6.445948519690435,-6.445948519690435,-6.445948519690435,-7.648998338142297,-7.592880362305777,-7.592880362305777,-7.648998338142298
-7.505857214874567,-7.674130309073575,-7.674130309073575,-7.674130309073575,-7.5140735923313855,-7.847957798194777,-7.847957798194777,-7.847957798194777,-7.538425070974601,-8.061389236233017,-8.061389236233017,-8.061389236233017,-7.012525833616662,-6.8498887714440775,-6.8498887714440775,-6.8498887714440775,-7.176364002780099,-7.0400957315327375,-7.0400957315327375,-7.0400957315327375,-7.149080339449929,-6.967207737522684,-6.967207737522684,-6.967207737522684,-7.472527914896363,-7.136572811028726,-7.136572811028726,-7.136572811028726,-6.6826838349668645,-7.797834811770063,-7.797834811770063,-7.797834811770063,-6.57048419420864,-7.669449632617452,-6.547933054211046,-7.841201370248351
-8.67525735446791,-8.534673906747898,-8.534673906747898,-8.534673906747898,-7.806706064041492,-8.200981595945699,-8.200981595945699,-8.200981595945699,-7.4482086923959745,-7.186649612284038,-7.186649612284038,-7.186649612284038,-7.34641519962552,-7.408505191183779,-7.408505191183779,-7.408505191183779,-7.248857118812609,-7.066477351584218,-7.066477351584218,-7.379951757851265,-7.124253288596602,-7.513753363383362,-7.513753363383362,-7.513753363383362,-7.422501306093832,-6.632203996676893,-6.632203996676893,-6.632203996676893,-6.906354901330109,-6.907235379242934,-6.907235379242934,-7.633885896433648,-7.35206605673563,-7.054408092943643,-7.054408092943643,-7.706231478253982
